time,open,high,low,close,Volume,Volume MA,Mkt —Åap,Total common shares outstanding
2017-06-28T23:00:00Z,2.7,2.7,2.65,2.7,53203,NaN,NaN,165000000
2017-06-29T23:00:00Z,2.68,2.95,2.68,2.95,21668,NaN,NaN,212409000
2017-07-02T23:00:00Z,3.02,3.08,3,3,61756,NaN,NaN,212409000
2017-07-03T23:00:00Z,3,3.02,2.99,3,64658,NaN,NaN,212409000
2017-07-04T23:00:00Z,3,3.2,2.99,3.18,443935,NaN,NaN,212409000
2017-07-05T23:00:00Z,3.2,3.2,3.13,3.15,308738,NaN,NaN,212409000
2017-07-06T23:00:00Z,3.15,3.18,3.06,3.11,261677,NaN,NaN,212409000
2017-07-09T23:00:00Z,3.15,3.15,2.85,2.93,431289,NaN,629233207,212409000
2017-07-10T23:00:00Z,2.89,3.07,2.89,3.01,274609,NaN,646413619,212409000
2017-07-11T23:00:00Z,3,3.05,3,3.03,153241,NaN,650708722,212409000
2017-07-12T23:00:00Z,3.03,3.13,3.03,3.05,1064230,NaN,655003825,212409000
2017-07-13T23:00:00Z,3.06,3.14,3.06,3.1,617484,NaN,665741583,212409000
2017-07-16T23:00:00Z,3.1,3.1,3.06,3.09,283953,NaN,663594031,212409000
2017-07-17T23:00:00Z,3.08,3.1,3.07,3.1,182952,NaN,665741583,212409000
2017-07-18T23:00:00Z,3.11,3.11,3.09,3.1,338625,NaN,665741583,212409000
2017-07-19T23:00:00Z,3.1,3.1,3.07,3.07,354679,NaN,659298928,212409000
2017-07-20T23:00:00Z,3.07,3.1,3.07,3.1,164878,NaN,665741583,212409000
2017-07-23T23:00:00Z,3.1,3.1,3.02,3.02,254877,NaN,648561171,212409000
2017-07-24T23:00:00Z,3.04,3.1,3.02,3.06,151920,NaN,657151377,212409000
2017-07-25T23:00:00Z,3.06,3.1,3.06,3.09,87030,278770.1,663594031,212409000
2017-07-26T23:00:00Z,3.09,3.1,3.05,3.09,115770,281898.45,663594031,212409000
2017-07-27T23:00:00Z,3.09,3.1,3.05,3.08,218704,291750.25,661446480,212409000
2017-07-30T23:00:00Z,3.08,3.1,3.05,3.1,172067,297265.8,665741583,212409000
2017-07-31T23:00:00Z,3.1,3.1,3.05,3.08,134267,300746.25,661446480,212409000
2017-08-01T23:00:00Z,3.08,3.08,3.03,3.05,100719,283585.45,655003825,212409000
2017-08-02T23:00:00Z,3.05,3.07,3.01,3.05,67434,271520.25,655003825,212409000
2017-08-03T23:00:00Z,3.07,3.08,3.02,3.07,80827,262477.75,659298928,212409000
2017-08-06T23:00:00Z,3.07,3.07,3.03,3.07,185869,250206.75,659298928,212409000
2017-08-07T23:00:00Z,3.07,3.07,3.03,3.05,266708,249811.7,655003825,212409000
2017-08-08T23:00:00Z,3.06,3.08,3.03,3.05,124166,248357.95,655003825,212409000
2017-08-09T23:00:00Z,3.05,3.07,3.01,3.04,201082,205200.55,652856274,212409000
2017-08-10T23:00:00Z,3.01,3.01,2.96,2.97,176465,183149.6,637971922,212409000
2017-08-13T23:00:00Z,2.96,3.04,2.95,3.04,232646,180584.25,653008283,212409000
2017-08-14T23:00:00Z,3.04,3.05,2.95,3,93835,176128.4,644416077,212409000
2017-08-15T23:00:00Z,3,3.01,2.94,3.01,104383,164416.3,646564128,212409000
2017-08-16T23:00:00Z,3.02,3.04,2.98,3,358010,164582.85,644416077,212409000
2017-08-17T23:00:00Z,3,3.05,2.94,3.05,202072,166442.55,655156334,212409000
2017-08-20T23:00:00Z,3.06,3.1,3.06,3.09,1255210,216459.2,663748541,212409000
2017-08-21T23:00:00Z,3.09,3.13,3.07,3.09,1163605,267043.45,663748541,212409000
2017-08-22T23:00:00Z,3.09,3.11,3.08,3.09,457114,285547.65,663748541,212409000
2017-08-23T23:00:00Z,3.09,3.24,3.05,3.24,2201751,389846.7,695969365,212409000
2017-08-24T23:00:00Z,3.32,3.64,3.31,3.6,1787174,468270.2,773299272,212409000
2017-08-27T23:00:00Z,3.62,3.725,3.53,3.54,772445,498289.1,760410962,212409000
2017-08-28T23:00:00Z,3.56,3.59,3.47,3.53,798835,531517.5,758262911,212409000
2017-08-29T23:00:00Z,3.58,3.73,3.57,3.66,1929362,622949.65,786187632,212409000
2017-08-30T23:00:00Z,3.7,3.89,3.66,3.77,1433269,691241.4,809816199,212409000
2017-08-31T23:00:00Z,3.84,3.9,3.82,3.86,1212541,747827.1,829148714,212409000
2017-09-03T23:00:00Z,3.89,3.89,3.8,3.85,381518,757609.55,827000611,212409000
2017-09-04T23:00:00Z,3.84,3.85,3.77,3.84,502613,769404.8,824852560,212409000
2017-09-05T23:00:00Z,3.83,3.84,3.79,3.8,931283,809760.65,816260354,212409000
2017-09-06T23:00:00Z,3.82,3.84,3.78,3.8,692996,834356.35,816260354,212409000
2017-09-07T23:00:00Z,3.85,3.88,3.81,3.87,468070,848936.6,831296714,212409000
2017-09-10T23:00:00Z,3.88,3.88,3.85,3.87,301910,852399.8,831296714,212409000
2017-09-11T23:00:00Z,3.87,4,3.87,4,525505,873983.3,859221436,212409000
2017-09-12T23:00:00Z,4.15,4.42,4.15,4.38,1908638,964196.05,940847496.9999999,212409000
2017-09-13T23:00:00Z,4.48,4.75,4.48,4.6,1595031,1026047.1,988104630,212409000
2017-09-14T23:00:00Z,4.6,4.63,4.44,4.45,2700843,1150985.65,955883806,212409000
2017-09-17T23:00:00Z,4.45,4.48,4.26,4.28,535685,1115009.4,919613060,212409000
2017-09-18T23:00:00Z,4.25,4.46,4.23,4.34,651779,1089418.1,932504818.9999999,212409000
2017-09-19T23:00:00Z,4.36,4.39,4.27,4.28,382973,1085711.05,919613060,212409000
2017-09-20T23:00:00Z,4.34,4.44,4.3,4.34,820437,1016645.35,932504818.9999999,212409000
2017-09-21T23:00:00Z,4.36,4.4,4.27,4.3,352502,944911.75,923910312.9999999,212409000
2017-09-24T23:00:00Z,4.32,4.35,4.25,4.25,452671,928923.05,913167130,212409000
2017-09-25T23:00:00Z,4.22,4.23,4.07,4.15,594756,918719.1,891680865,212409000
2017-09-26T23:00:00Z,4.36,4.4,4.1,4.11,1097857,877143.85,883086359,212409000
2017-09-27T23:00:00Z,4.18,4.18,4.03,4.08,1669989,888979.85,876640428,212409000
2017-09-28T23:00:00Z,4.14,4.21,4.09,4.18,303129,843509.25,898126693,212409000
2017-10-01T22:00:00Z,4.23,4.33,4.2,4.31,221777,835522.2,926058888,212409000
2017-10-02T22:00:00Z,4.33,4.38,4.17,4.2,469718,833877.45,902423946,212409000
2017-10-03T22:00:00Z,4.2,4.25,4.15,4.22,321997,803413.15,906721199,212409000
2017-10-04T22:00:00Z,4.22,4.23,4.12,4.13,448199,791173.3,887383612,212409000
2017-10-05T22:00:00Z,4.16,4.3,4.15,4.27,207375,778138.55,917464382,212409000
2017-10-08T22:00:00Z,4.3,4.47,4.27,4.34,294785,777782.3,932504818.9999999,212409000
2017-10-09T22:00:00Z,4.36,4.38,4.23,4.29,296042,766309.15,921761635,212409000
2017-10-10T22:00:00Z,4.31,4.35,4.21,4.3,301782,685966.35,923910312.9999999,212409000
2017-10-11T22:00:00Z,4.32,4.38,4.32,4.37,411282,626778.9,938950647,212409000
2017-10-12T22:00:00Z,4.37,4.37,4.29,4.32,332867,508380.1,928207566.0000001,212409000
2017-10-15T22:00:00Z,4.33,4.37,4.3,4.33,367510,499971.35,930356141,212409000
2017-10-16T22:00:00Z,4.38,4.7,4.38,4.7,1213131,528038.95,1009939998,212409000
2017-10-17T22:00:00Z,5.05,5.29,4.86,5.18,2406430,629211.8,1113082815,212409000
2017-10-18T22:00:00Z,5.28,5.54,5.28,5.39,2113955,693887.7,1158207803,212409000
2017-10-19T22:00:00Z,5.39,5.44,5.2,5.43,1099071,731216.15,1166803030,212409000
2017-10-22T22:00:00Z,5.44,5.62,5.44,5.5,917243,754444.75,1181844727,212409000
2017-10-23T22:00:00Z,5.53,5.59,5.33,5.44,986573,774035.6,1168951887,212409000
2017-10-24T22:00:00Z,5.45,5.5,5.43,5.45,441897,741237.6,1171100643,212409000
2017-10-25T22:00:00Z,5.45,5.45,5.18,5.37,530154,684245.85,1153910190,212409000
2017-10-26T22:00:00Z,5.4,5.55,5.355,5.37,545742,696376.5,1153910190,212409000
2017-10-29T22:00:00Z,5.45,5.48,5.15,5.3,740823,722328.8,1138868596,212409000
2017-10-30T22:00:00Z,5.3,5.3,5.09,5.2,610370,729361.4,1117380428,212409000
2017-10-31T22:00:00Z,5.22,5.3,5.1,5.17,993719,762947.5,1111013342,212409000
2017-11-01T22:00:00Z,5.2,5.27,5.135,5.15,802812,780678.15,1106715422,212409000
2017-11-02T22:00:00Z,5.18,5.25,5.16,5.2,1070104,823814.6,1117460170,212409000
2017-11-05T22:00:00Z,5.26,5.51,5.23,5.49,1070372,862593.95,1179780058,212409000
2017-11-06T22:00:00Z,5.55,5.7,5.38,5.42,907752,893179.45,1164737390,212409000
2017-11-07T22:00:00Z,5.49,5.63,5.43,5.43,628754,909528.05,1166886299,212409000
2017-11-08T22:00:00Z,5.49,5.53,5.37,5.47,484568,913192.35,1175482139,212409000
2017-11-09T22:00:00Z,5.48,5.73,5.47,5.62,807391,936918.55,1207716588,212409000
2017-11-12T22:00:00Z,5.71,5.97,5.7,5.94,926094,964847.75,1276483407,212409000
2017-11-13T22:00:00Z,6,6,5.72,5.8,775202,942951.3,1246397969,212409000
2017-11-14T22:00:00Z,5.84,5.85,5.6,5.79,708453,858052.45,1244248958,212409000
2017-11-15T22:00:00Z,5.38,5.62,5.23,5.5,3215509,913130.15,1181929070,212409000
2017-11-16T22:00:00Z,5.5,5.6,5.43,5.46,909212,903637.2,1173333230,212409000
2017-11-19T22:00:00Z,5.44,5.8,5.44,5.72,1013108,908430.45,1229206290,212409000
2017-11-20T22:00:00Z,5.72,5.76,5.62,5.71,656948,891949.2,1227057279,212409000
2017-11-21T22:00:00Z,5.7,5.78,5.61,5.65,645230,902115.85,1214163519,212409000
2017-11-22T22:00:00Z,5.65,5.65,5.35,5.36,946950,922955.65,1151843631,212409000
2017-11-23T22:00:00Z,5.37,5.37,5.1,5.23,1174816,954409.35,1123907101,212409000
2017-11-26T22:00:00Z,5.3,5.3,4.7,4.92,1894460,1012091.2,1057289293.0000001,212409000
2017-11-27T22:00:00Z,4.95,5.24,4.81,5.2,1401445,1051644.95,1117460170,212409000
2017-11-28T22:00:00Z,5.1,5.24,4.95,5.08,841097,1044013.85,1091672651,212409000
2017-11-29T22:00:00Z,5.12,5.15,4.975,5,3764664,1192106.45,1074480972,212409000
2017-11-30T22:00:00Z,5.01,5.12,4.75,4.8,1094218,1193312.15,1031501774,212409000
2017-12-03T22:00:00Z,5.1,5.29,5.05,5.16,2160427,1247814.9,1108864331,212409000
2017-12-04T22:00:00Z,5.23,5.42,5.12,5.16,1555705,1280212.55,1108864331,212409000
2017-12-05T22:00:00Z,5.16,5.23,4.9,4.92,1282487,1312899.2,1057289293.0000001,212409000
2017-12-06T22:00:00Z,4.99,5.13,4.93,5.05,612296,1319285.6,1085225823,212409000
2017-12-07T22:00:00Z,5.05,5.21,5.01,5.14,945418,1326186.95,1104566411,212409000
2017-12-10T22:00:00Z,5.16,5.21,5.13,5.17,857205,1322742.5,1111013342,212409000
2017-12-11T22:00:00Z,5.19,5.27,5.19,5.26,1165229,1342243.85,1130354032,212409000
2017-12-12T22:00:00Z,5.27,5.29,5.1,5.15,1072477,1360445.05,1106715422,212409000
2017-12-13T22:00:00Z,5.2,5.27,5.16,5.2,346987,1217018.95,1117460170,212409000
2017-12-14T22:00:00Z,5.21,5.3,5.15,5.3,1275737,1235345.2,1138949872,212409000
2017-12-17T22:00:00Z,5.33,5.44,5.27,5.33,661304,1217755,1145396700,212409000
2017-12-18T22:00:00Z,5.37,5.6,5.31,5.56,1143693,1242092.25,1194822829,212409000
2017-12-19T22:00:00Z,5.57,5.74,5.54,5.68,1061508,1262906.15,1220610348,212409000
2017-12-20T22:00:00Z,5.89,5.95,5.81,5.9,1893264,1310221.85,1267887568,212409000
2017-12-21T22:00:00Z,6,6.07,5.9,5.91,967198,1299840.95,1270036476,212409000
2017-12-26T22:00:00Z,5.99,6.02,5.93,6.02,289408,1219588.35,1293675087,212409000
2017-12-27T22:00:00Z,6.04,6.055,5.98,6.04,385592,1168795.7,1297973006,212409000
2017-12-28T22:00:00Z,6.04,6.04,5.955,5.97,289829,1141232.3,1282930338,213083365
2018-01-01T22:00:00Z,6,6.31,6,6.26,859627,995980.45,1345250226,213083365
2018-01-02T22:00:00Z,6.5,6.55,6.2,6.26,775104,980024.75,1345250226,213083365
2018-01-03T22:00:00Z,6.3,6.4,6.3,6.35,356236,889815.2,1364590814,213083365
2018-01-04T22:00:00Z,6.39,6.79,6.39,6.65,1069829,865521.4,1429059714,213083365
2018-01-07T22:00:00Z,6.75,7,6.57,6.6,931497,847971.9,1418314863,213083365
2018-01-08T22:00:00Z,6.77,6.82,6.58,6.66,986523,866683.25,1431208622,213083365
2018-01-09T22:00:00Z,6.67,6.68,6.33,6.46,976465,868235.6,1388229424,213083365
2018-01-10T22:00:00Z,6.43,6.56,6.31,6.43,768625,863806.6,1381782493,213083365
2018-01-11T22:00:00Z,6.45,6.53,6.44,6.5,825978,846844.05,1396825264,213083365
2018-01-14T22:00:00Z,6.55,6.6,6.51,6.52,619928,824216.6,1401123184,213083365
2018-01-15T22:00:00Z,6.6,7.62,6.56,7.62,3209506,967342.55,1637508977,213083365
2018-01-16T22:00:00Z,8.01,8.16,7.71,7.8,2661564,1036633.9,1676190358,213083365
2018-01-17T22:00:00Z,7.89,7.95,7.4,7.5,2000631,1103600.25,1611721458,213083365
2018-01-18T22:00:00Z,7.6,7.6,7.48,7.49,836463,1088238.75,1631146883,213083365
2018-01-21T22:00:00Z,7.54,7.785,7.52,7.7,1213540,1095840.35,1676879983,213083365
2018-01-22T22:00:00Z,7.73,7.84,7.72,7.76,1284407,1065397.5,1689946672,213083365
2018-01-23T22:00:00Z,7.77,7.82,7.71,7.71,648927,1049483.95,1679057799,213083365
2018-01-24T22:00:00Z,7.73,7.8,7.71,7.72,494897,1059758.4,1681235615,213083365
2018-01-28T22:00:00Z,7.8,7.83,7.71,7.71,961133,1088535.45,1679057799,213083365
2018-01-29T22:00:00Z,7.71,7.74,7.51,7.52,744821,1111285.05,1637680228,213083365
2018-01-30T22:00:00Z,7.47,7.47,7.11,7.36,819374,1109272.4,1602836001,213083365
2018-01-31T22:00:00Z,7.36,7.7,7.36,7.58,499403,1095487.35,1650746813,213083365
2018-02-01T22:00:00Z,7.5,7.65,7.5,7.55,668482,1111099.65,1644213572,213083365
2018-02-04T22:00:00Z,7.13,7.35,7,7.05,1391198,1127168.1,1535325259,213083365
2018-02-05T22:00:00Z,6.61,6.89,6.4,6.45,2100513,1185618.9,1404659200,213083365
2018-02-06T22:00:00Z,6.92,7.26,6.8,6.86,1704339,1221509.7,1493947687,213083365
2018-02-07T22:00:00Z,6.99,7.01,6.8,6.85,969329,1221152.9,1491769871,213083365
2018-02-08T22:00:00Z,6.67,6.77,6.5,6.6,1292880,1247365.65,1437325715,213083365
2018-02-11T22:00:00Z,6.6,6.79,6.26,6.33,1376471,1274890.3,1378526030,213083365
2018-02-12T22:00:00Z,6.5,6.76,6.46,6.46,1072733,1297530.55,1406837016,213083365
2018-02-13T22:00:00Z,6.6,6.67,6.51,6.59,712100,1172660.25,1435148002,213083365
2018-02-14T22:00:00Z,6.69,6.77,6.65,6.68,632894,1071226.75,1454747828,213083365
2018-02-15T22:00:00Z,6.75,6.87,6.73,6.75,913813,1016885.85,1469992229,213083365
2018-02-18T22:00:00Z,6.86,6.87,6.62,6.62,463008,998213.1,1441681243,213083365
2018-02-19T22:00:00Z,6.65,6.94,6.63,6.94,1004336,987752.9,1511369801,213083365
2018-02-20T22:00:00Z,7,7.58,7,7.39,1918842,1019474.65,1609369241,213083365
2018-02-21T22:00:00Z,7.75,7.97,7.4,7.53,2841582,1129107.4,1639857940,213083365
2018-02-22T22:00:00Z,7.63,7.65,7,7.19,1161579,1162441.5,1565813958,213083365
2018-02-25T22:00:00Z,7.23,7.4,7.08,7.12,850555,1156912.6,1550569556,213083365
2018-02-26T22:00:00Z,7.25,7.3,6.8,6.96,1180916,1178717.35,1515725329,213083365
2018-02-27T22:00:00Z,7.04,7.325,6.9,7.23,871222,1181309.75,1574525014,213083365
2018-02-28T22:00:00Z,7.19,7.2,6.98,7.1,1167506,1214714.9,1546214028,213083365
2018-03-01T22:00:00Z,7.05,7.29,6.98,7.19,1357658,1249173.7,1565813958,213083365
2018-03-04T22:00:00Z,7.2,7.37,7.03,7.36,1053014,1232264.5,1602836001,213083365
2018-03-05T22:00:00Z,7.43,7.55,7.3,7.54,1145431,1184510.4,1642035756,213083365
2018-03-06T22:00:00Z,7.58,7.76,7.49,7.68,2161187,1207352.8,1672524455,213083365
2018-03-07T22:00:00Z,7.7,7.77,7.665,7.68,1385011,1228136.9,1672524455,213083365
2018-03-08T22:00:00Z,7.74,7.93,7.67,7.8,1906616,1258823.7,1698657729,213083365
2018-03-11T22:00:00Z,7.92,8,7.71,7.8,2764374,1328218.85,1698657729,213083365
2018-03-12T22:00:00Z,7.87,7.87,7.76,7.8,1185352,1333849.8,1698657729,213083365
2018-03-13T22:00:00Z,7.8,7.82,7.63,7.7,1174958,1356992.7,1676879983,213083365
2018-03-14T22:00:00Z,7.78,7.78,7.32,7.57,1852050,1417950.5,1648569101,213083365
2018-03-15T22:00:00Z,7.57,7.615,7.285,7.32,5299119,1637215.8,1594124944,213083365
2018-03-18T22:00:00Z,7.32,7.41,6.81,6.88,2367687,1732449.75,1498303216,213083365
2018-03-19T22:00:00Z,6.71,6.96,6.33,6.93,2731773,1818821.6,1509191985,213083365
2018-03-20T22:00:00Z,7,7.3,7,7.15,1442222,1794990.6,1557102901,213083365
2018-03-21T22:00:00Z,7.22,7.29,7,7.15,721280,1688975.5,1557102901,213083365
2018-03-22T22:00:00Z,6.9,7.13,6.83,7.13,1861884,1723990.75,1552747372,213083365
2018-03-25T22:00:00Z,7.02,7.08,6.69,6.7,1885478,1775736.9,1459103357,213083365
2018-03-26T22:00:00Z,6.86,6.92,6.74,6.76,965691,1764975.65,1472170046,213083365
2018-03-27T22:00:00Z,6.7,6.9,6.65,6.77,630180,1752923.55,1474347758,213083365
2018-03-28T22:00:00Z,6.76,6.77,6.44,6.44,911608,1740128.65,1402481488,213083365
2018-04-02T23:00:00Z,6.35,6.4,5.93,6,1743780,1759434.75,1306659760,213083365
2018-04-03T23:00:00Z,6,6,5.43,5.65,3988311,1906199.6,1230437961,213083365
2018-04-04T23:00:00Z,5.7,5.95,5.7,5.8,1516288,1924742.45,1263104476,213083365
2018-04-05T23:00:00Z,5.8,5.82,5.32,5.45,2006742,1917020.2,1186882573,213083365
2018-04-08T23:00:00Z,5.49,5.6,5.425,5.47,785746,1887056.95,1191238102,213083365
2018-04-09T23:00:00Z,5.52,6.04,5.43,5.94,1322093,1857830.8,1293593174,213083365
2018-04-10T23:00:00Z,6,6.18,5.49,5.6,2488741,1844049.15,1219549088,213083365
2018-04-11T23:00:00Z,5.45,5.46,5.26,5.35,2287078,1899135.45,1165104931,213083365
2018-04-12T23:00:00Z,5.33,5.68,5.33,5.59,953382,1888056.65,1217371376,213083365
2018-04-15T23:00:00Z,5.61,5.78,5.58,5.62,464618,1818685.05,1223904616,213083365
2018-04-16T23:00:00Z,5.72,5.98,5.7,5.91,594689,1583463.55,1287059830,213083365
2018-04-17T23:00:00Z,5.98,6.15,5.92,6,981592,1514158.8,1306659760,213083365
2018-04-18T23:00:00Z,6.1,6.14,5.65,5.65,672767,1411208.5,1230437961,213083365
2018-04-19T23:00:00Z,5.71,5.78,5.63,5.64,611474,1369671.1,1228260145,213083365
2018-04-22T23:00:00Z,5.7,5.73,5.39,5.43,1035923,1385403.25,1182527045,213083365
2018-04-23T23:00:00Z,5.46,5.61,5.41,5.57,341434,1309380.75,1213015847,213083365
2018-04-25T23:00:00Z,5.65,5.875,5.6,5.75,719775,1251095.6,1252215603,213083365
2018-04-26T23:00:00Z,5.78,5.95,5.77,5.95,503566,1227989.35,1295770887,213083365
2018-04-29T23:00:00Z,5.99,6.03,5.78,5.99,435720,1218266.35,1304481943,213083365
2018-04-30T23:00:00Z,5.98,5.98,5.84,5.93,717109,1208541.4,1291415358,213083365
2018-05-01T23:00:00Z,5.96,5.99,5.92,5.95,443948,1143549.8,1295770887,213083365
2018-05-02T23:00:00Z,5.96,6.2,5.89,6.2,786834,983475.95,1350215043,213083365
2018-05-03T23:00:00Z,6.2,6.29,6.12,6.17,747459,945034.5,1343681803,213083365
2018-05-06T23:00:00Z,6.21,6.37,6.21,6.3,1132161,901305.45,1371992789,213083365
2018-05-07T23:00:00Z,6.31,6.48,6.245,6.45,712722,897654.25,1404659200,213083365
2018-05-08T23:00:00Z,6.47,7.03,6.46,6.98,1454490,904274.1,1520080858,213083365
2018-05-09T23:00:00Z,7.07,7.32,6.85,7,1454210,852547.55,1524436386,213083365
2018-05-10T23:00:00Z,7,7.03,6.6,6.84,766963,776541.8,1489592159,213083365
2018-05-13T23:00:00Z,6.85,6.98,6.85,6.96,466059,752175.65,1515725329,213083365
2018-05-14T23:00:00Z,7.16,7.68,7.16,7.45,3130223,885455.9,1622435827,213083365
2018-05-15T23:00:00Z,7.5,7.51,7.03,7.25,1743474,942895.15,1578880543,213083365
2018-05-16T23:00:00Z,7.27,7.5,7.19,7.27,1306359,959133.5,1583236071,213083365
2018-05-17T23:00:00Z,7.27,7.35,7.06,7.07,694833,960236.8,1539680787,213083365
2018-05-20T23:00:00Z,7.07,7.17,7.02,7.04,786979,969012.05,1533147443,213083365
2018-05-21T23:00:00Z,7.1,7.36,6.9,7.17,1808029,1007617.35,1561458429,213083365
2018-05-22T23:00:00Z,7.19,7.2,7.06,7.2,717945,1026442.9,1567991670,213083365
2018-05-23T23:00:00Z,7.28,7.58,7.25,7.42,2551701,1118039.2,1615902586,213083365
2018-05-24T23:00:00Z,7.5,7.725,7.4,7.68,1543933,1170057.55,1672524455,213083365
2018-05-27T23:00:00Z,7.71,7.83,7.65,7.7,1139188,1205230.95,1676879983,213083365
2018-05-28T23:00:00Z,7.75,7.9,7.73,7.79,1098229,1224286.95,1696479913,213083365
2018-05-29T23:00:00Z,7.75,7.78,7.38,7.4,1367064,1270442.75,1611547058,213083365
2018-05-30T23:00:00Z,7.48,7.82,7.48,7.82,1822682,1322235.15,1703013257,213083365
2018-05-31T23:00:00Z,7.8,8.11,7.62,7.7,1478917,1358808.05,1676879983,213083365
2018-06-03T23:00:00Z,7.9,8.15,7.8,8.15,1253404,1364870.2,1774879424,213083365
2018-06-04T23:00:00Z,8.4,8.78,8.31,8.54,2326679,1445568.05,1859812383,213083365
2018-06-05T23:00:00Z,8.54,8.62,7.74,8.15,3733652,1559526.15,1774879424,213083365
2018-06-06T23:00:00Z,8.26,8.28,7.8,8.18,1233713,1548501.3,1781412872,213083365
2018-06-07T23:00:00Z,8.2,8.47,8,8.36,2311117,1625709,1820612523,213083365
2018-06-11T23:00:00Z,8.45,8.6,8.375,8.44,1793412,1692076.65,1838034636.9999998,213083365
2018-06-12T23:00:00Z,8.46,8.55,8.41,8.43,1145450,1592838,1835857029,213083365
2018-06-13T23:00:00Z,8.45,9.08,8.41,9.08,2287478,1620038.2,1977411753,213083365
2018-06-14T23:00:00Z,9.15,9.47,9.09,9.12,7692899,1939365.2,1986122810,213083365
2018-06-17T23:00:00Z,9.18,9.18,8.68,8.9,1264673,1967857.2,1938211894,213083365
2018-06-18T23:00:00Z,8.95,9,8.7,8.8,1203052,1988660.85,1916434356,213083365
2018-06-19T23:00:00Z,8.84,8.94,8.7,8.81,1233112,1959915,1918612172,213083365
2018-06-20T23:00:00Z,9.07,9.17,8.93,8.98,1380780,1993056.75,1955634007,213083365
2018-06-21T23:00:00Z,8.97,8.98,8.56,8.72,1225666,1926755,1899012242,213083365
2018-06-24T23:00:00Z,8.74,8.92,8.65,8.87,812350,1890175.85,1931678653.0000002,213083365
2018-06-25T23:00:00Z,8.8,8.85,8.64,8.76,726213,1869527.1,1907723299,213083365
2018-06-26T23:00:00Z,8.75,8.97,8.73,8.94,825663,1855898.8,1946922950,213083365
2018-06-27T23:00:00Z,8.91,8.92,8.49,8.59,973755,1836233.35,1870701256,213083365
2018-06-28T23:00:00Z,8.97,9.520001,8.915,9.35,3454051,1917801.8,2036211541.9999998,216205000
2018-07-01T23:00:00Z,9.42,9.770001,9.42,9.55,1650001,1926356,2079766825.0000005,216205000
2018-07-02T23:00:00Z,9.65,9.87,9.26,9.44,1434311,1935401.35,2055811264,216205000
2018-07-03T23:00:00Z,9.41,9.98,9.09,9.91,1853362,1911735.5,2158166336,216205000
2018-07-04T23:00:00Z,10.08,10.08,9.73,9.92,1194539,1784779.85,2160344152,216205000
2018-07-05T23:00:00Z,9.95,10.13,9.8,9.95,1172641,1781726.25,2166877393,216205000
2018-07-08T23:00:00Z,10,10.35,9.89,10.25,1414006,1736870.7,2232210423,216205000
2018-07-09T23:00:00Z,10.35,10.67,10.31,10.4,1894696,1741934.9,2264876833,216205000
2018-07-10T23:00:00Z,10.43,10.55,10.3,10.4,1285223,1748923.55,2264876833,216205000
2018-07-11T23:00:00Z,10.5,10.97,10.45,10.85,1646554,1716877.35,2362876482,216205000
2018-07-12T23:00:00Z,11.07,11.4,10.94,10.98,2074322,1435948.5,2391187260,216205000
2018-07-15T23:00:00Z,11.01,11.11,10.6,10.75,1796733,1462551.5,2341098736,216205000
2018-07-16T23:00:00Z,10.65,10.74,10.36,10.44,1110609,1457929.35,2273587890,216205000
2018-07-17T23:00:00Z,10.53,11,10.52,10.92,1086105,1450579,2378120779,216205000
2018-07-18T23:00:00Z,11,13.84,10.98,13.53,6194507,1691265.35,2946517700,216205000
2018-07-19T23:00:00Z,14.25,16.190001,13.9,14.38,6703068,1965135.45,3131627915,216205000
2018-07-22T23:00:00Z,14.98,15.64,14.63,15.04,4010302,2125033.05,3275360456,216205000
2018-07-23T23:00:00Z,15,15.18,14.4,14.43,2388144,2208129.6,3142516788,216205000
2018-07-24T23:00:00Z,14.47,15.05,14.46,14.75,1808799,2257286.4,3212205242,216205000
2018-07-25T23:00:00Z,14.8,14.8,13.9,13.99,2149825,2316089.9,3046694956,216205000
2018-07-26T23:00:00Z,13.9,14.62,13.49,14.39,1534223,2220098.5,3133805731,216205000
2018-07-29T23:00:00Z,14.45,14.89,14.26,14.51,986736,2186935.25,3159938902,216205000
2018-07-30T23:00:00Z,14.52,14.54,13.8,14.18,1352086,2182824,3088072631,216205000
2018-07-31T23:00:00Z,14.26,14.5,13.8,13.82,1527731,2166542.45,3009672913,216205000
2018-08-01T23:00:00Z,14.09,14.45,13.72,13.75,1821693,2197900.15,2994428616,216205000
2018-08-02T23:00:00Z,13.91,14.47,13.82,14.31,1371118,2207824,3116383618,216205000
2018-08-05T23:00:00Z,14.61,14.77,14.2,14.31,952571,2184752.25,3116383618,216205000
2018-08-06T23:00:00Z,14.39,14.7,14.31,14.55,1064451,2143240,3168649958,216205000
2018-08-07T23:00:00Z,14.65,14.95,14.44,14.66,1304677,2144212.7,3192605313,216205000
2018-08-08T23:00:00Z,14.75,14.86,14.18,14.3,1049047,2114337.35,3114205802,216205000
2018-08-09T23:00:00Z,14.37,14.65,14.21,14.57,811038,2051173.15,3173005383,216205000
2018-08-12T23:00:00Z,14.6,14.79,14.16,14.27,945136,2008593.3,3107672561,216205000
2018-08-13T23:00:00Z,14.62,15.25,14.27,15.1,2346781,2070401.9,3288427145,216205000
2018-08-14T23:00:00Z,15.14,16.42,15.14,16.389999,2701930,2151193.15,3569358777,216205000
2018-08-15T23:00:00Z,16.15,16.629999,15.89,16.25,1724364,1927686,3538870182,216205000
2018-08-16T23:00:00Z,16.35,16.870001,16.299999,16.610001,1726270,1678846.1,3617269901,216205000
2018-08-19T23:00:00Z,16.98,17.700001,16.799999,17.5,2779380,1617300,3811090965,216205000
2018-08-20T23:00:00Z,17.5,18.309999,17.5,17.92,2221511,1608968.35,3902557165,216205000
2018-08-21T23:00:00Z,18.209999,18.83,17.83,18.549999,3131120,1675084.4,4039756257,216205000
2018-08-23T23:00:00Z,22.01,23,19.4,19.690001,5486258,1841906.05,4302789394,216205000
2018-08-26T23:00:00Z,20,21.42,19.99,21.129999,3508124,1940601.1,4617467436,216205000
2018-08-27T23:00:00Z,21.34,21.48,19.620001,19.950001,3799810,2081254.8,4359606367,216205000
2018-08-28T23:00:00Z,19.950001,19.98,18.85,18.950001,2981605,2162730.75,4141079740.9999995,216205000
2018-08-29T23:00:00Z,18.76,19.1,17.709999,18.02,3527968,2262742.6,3964665715,216205000
2018-08-30T23:00:00Z,17.5,18.719999,17.26,18.129999,3015263,2322421.1,4113318253.000001,216205000
2018-09-02T23:00:00Z,18.110001,18.940001,17.559999,17.65,2687012,2388215.8,4004416379,216205000
2018-09-03T23:00:00Z,17.65,17.99,17.09,17.370001,2124604,2446817.45,3940890503,216205000
2018-09-04T23:00:00Z,17.5,17.780001,16.51,16.719999,2533075,2520248.65,3793418728,216205000
2018-09-05T23:00:00Z,16.52,16.58,15.32,16,3844401,2647234.85,3630065918,216205000
2018-09-06T23:00:00Z,15.44,15.8,14.95,15,3874902,2788527.6,3411811752,216205000
2018-09-09T23:00:00Z,15,16.469999,14.9,16.110001,3000323,2897991.85,3664285961,216205000
2018-09-10T23:00:00Z,16.5,17.26,16.49,17.08,3308922,3016181.15,3884916298.0000005,216205000
2018-09-11T23:00:00Z,17.299999,17.5,16.645,17.059999,1737506,2985717.4,3880367111,216205000
2018-09-12T23:00:00Z,17.24,17.48,16.5,16.57,1300503,2915646.05,3768914646,216205000
2018-09-13T23:00:00Z,16.91,17.290001,16.57,17.27,1592616,2909058.65,3928132702,216205000
2018-09-16T23:00:00Z,17.27,17.4,16.700001,16.799999,1379183,2891704.3,3821228989,216205000
2018-09-17T23:00:00Z,16.700001,16.700001,15.44,15.94,2415633,2873516.95,3625618527,216205000
2018-09-18T23:00:00Z,16.1,16.280001,15.59,15.7,2432966,2884089.7,3587409949,216205000
2018-09-19T23:00:00Z,15.56,15.79,15.07,15.1,2579799,2856523.65,3450311609,216205000
2018-09-20T23:00:00Z,15.25,15.97,15.13,15.82,4234095,2793915.5,3614829617,216205000
2018-09-23T23:00:00Z,16,16.450001,15.86,16.23,1622339,2699626.25,3732427874,216205000
2018-09-24T23:00:00Z,16.16,16.200001,15.65,16,1098727,2564572.1,3679534668,216205000
2018-09-25T23:00:00Z,16.24,17,16.16,16.969999,1524296,2491706.65,3902606299,216205000
2018-09-26T23:00:00Z,17.25,17.85,16.700001,17.799999,1846039,2407610.2,4093482143,216205000
2018-09-27T23:00:00Z,17.950001,18.5,17.82,17.950001,2053325,2359513.3,4127978131,216205000
2018-09-30T23:00:00Z,17.99,18.139999,17.32,17.389999,911431,2270734.25,3999194102.0000005,216205000
2018-10-01T23:00:00Z,17.530001,17.82,17.24,17.43,810212,2205014.65,4008393149,216205000
2018-10-02T23:00:00Z,17.440001,17.860001,17.190001,17.82,774605,2117091.15,4098081666,216205000
2018-10-03T23:00:00Z,18.040001,18.4,17.6,17.74,1347418,1992242,4079684010,216205000
2018-10-04T23:00:00Z,17.75,18.059999,17.200001,17.700001,1246626,1860828.2,4070485402,216205000
2018-10-07T22:00:00Z,17.68,17.68,16.290001,16.73,1962499,1808937,3847413332,216205000
2018-10-08T22:00:00Z,16.700001,16.75,15.54,15.97,2641212,1775551.5,3672635602,216205000
2018-10-09T22:00:00Z,15.93,15.93,15.35,15.47,1895062,1783429.3,3557650144,216205000
2018-10-10T22:00:00Z,14.48,14.6,13.58,13.76,4991010,1967954.65,3164399867,216205000
2018-10-11T22:00:00Z,13.7,15.25,13.6,14.75,3278340,2052240.85,3392071022,216205000
2018-10-14T22:00:00Z,15.06,15.32,13.68,13.77,2686002,2117581.8,3166699629,216205000
2018-10-15T22:00:00Z,13.85,14.08,13.31,14,2224697,2108035,3219592834,216205000
2018-10-16T22:00:00Z,15.1,15.12,11.1,11.35,7278782,2350325.8,2610169993,216205000
2018-10-17T22:00:00Z,12.48,13.5,12.02,12.95,5830555,2512863.6,2978123328,216205000
2018-10-18T22:00:00Z,12.84,12.86,12.27,12.5,2287284,2415523.05,2874636459,216205000
2018-10-21T22:00:00Z,12.42,13.05,12.17,12.85,1616905,2415251.35,2955126368,216205000
2018-10-22T22:00:00Z,13,13.25,12.63,12.64,1132574,2416943.7,2906832467,216205000
2018-10-23T22:00:00Z,13,13.19,12.21,12.26,1244982,2402978,2819443492,216205000
2018-10-24T22:00:00Z,11.88,11.93,11.58,11.72,2126303,2416991.2,2695259206,216205000
2018-10-25T22:00:00Z,12.04,12.45,11.3,11.37,2083163,2418483.1,2614769297,216205000
2018-10-28T22:00:00Z,11.5,11.7,11.06,11.31,1938463,2469834.7,2600971165,216205000
2018-10-29T22:00:00Z,11.15,12.53,10.87,12.37,2235516,2541099.9,2844740214,216205000
2018-10-30T22:00:00Z,12.75,13.09,12.01,12.49,1972445,2600991.9,2872336698,216205000
2018-10-31T22:00:00Z,12.91,13,12.6,12.96,1435796,2605410.8,2980423090,216205000
2018-11-01T22:00:00Z,13.09,13.725,12.8,13.08,1956832,2640921.1,3008019574,216205000
2018-11-04T22:00:00Z,13.1,13.49,12.75,12.9,1149903,2600291.3,2966624738,216205000
2018-11-05T22:00:00Z,12.9,13.31,12.67,13,990138,2517737.6,2989621918,216205000
2018-11-06T22:00:00Z,13.05,13.2,12.5,13.01,1081864,2477077.7,2991921680,216205000
2018-11-07T22:00:00Z,14.03,14.99,14.01,14.45,2825174,2368785.9,3323079703,216205000
2018-11-08T22:00:00Z,13.8,13.97,13.195,13.49,2459202,2327829,3102307614,216205000
2018-11-11T22:00:00Z,12.98,13.29,12.48,12.5,1810259,2284041.85,2874636459,216205000
2018-11-12T22:00:00Z,11.8,12.05,11.51,11.75,2554694,2300541.7,2702158272,216205000
2018-11-13T22:00:00Z,11.92,12.12,11.52,11.54,1953738,2034289.5,2653864370,216205000
2018-11-14T22:00:00Z,11.5,11.78,11.32,11.69,1480490,1816786.25,2688359920,216205000
2018-11-15T22:00:00Z,11.95,13.49,11.52,12.89,3254336,1865138.85,2964325196,216205000
2018-11-18T22:00:00Z,12.98,12.99,11.6,11.76,2218951,1895241.15,2704458034,216205000
2018-11-19T22:00:00Z,11.45,11.45,11.13,11.2,2305685,1953896.7,2575674224,216205000
2018-11-20T22:00:00Z,10.71,10.79,10.36,10.63,2707161,2027005.65,2444590871,216205000
2018-11-21T22:00:00Z,10.9,11.39,10.86,11.12,1321656,1986773.3,2557276568,216205000
2018-11-22T22:00:00Z,11.11,11.36,10.98,11.29,573162,1911273.25,2596371641,216205000
2018-11-25T22:00:00Z,11.34,12.2,11.34,11.94,1456208,1887160.5,2745852649,216205000
2018-11-26T22:00:00Z,12.32,13.11,12.19,12.97,3015299,1926149.65,2982722852,216205000
2018-11-27T22:00:00Z,13.6,14.29,12.6,12.76,5527570,2103905.9,2934428950,216205000
2018-11-28T22:00:00Z,13.4,13.96,12.99,13.87,3080853,2186158.75,3189696589,216205000
2018-11-29T22:00:00Z,13.86,14.65,13.61,14.42,3261982,2251416.25,3331970555,216205000
2018-12-02T22:00:00Z,14.85,14.97,14.06,14.06,2197942,2303818.2,3250544404,216205000
2018-12-03T22:00:00Z,14.2,14.4,13.6,13.69,1894314,2349027,3165003570,216205000
2018-12-04T22:00:00Z,12.9,13.8,12.79,13.69,1787706,2384319.1,3165003570,216205000
2018-12-05T22:00:00Z,13.68,13.68,12.89,12.96,1622412,2324181,2996234306,216205000
2018-12-06T22:00:00Z,12.85,13.21,12.63,12.69,1666157,2284528.75,2933812652,216205000
2018-12-09T22:00:00Z,12.48,12.48,11.87,11.97,1671937,2277612.65,2767355350,216205000
2018-12-10T22:00:00Z,12.45,12.5,11.9,11.97,1427965,2221276.2,2767355350,216205000
2018-12-11T22:00:00Z,12.03,12.7,11.97,12.55,1066943,2176936.45,2901446065,216205000
2018-12-12T22:00:00Z,12.7,13.265,12.61,13.05,1020297,2153926.8,3017041524,216205000
2018-12-13T22:00:00Z,13.05,13.13,12.12,12.3,1491769,2065798.45,2877186180,216205000
2018-12-16T22:00:00Z,12.01,12.87,11.86,12.84,1429343,2026318.05,3003501660,216205000
2018-12-17T22:00:00Z,12.24,12.48,12.1,12.12,1948733,2008470.45,2835080946,216205000
2018-12-18T22:00:00Z,12.25,12.4,11.81,11.98,1427227,1944473.75,2802332406,216205000
2018-12-19T22:00:00Z,11.69,12.24,11.6,11.87,1467048,1951743.35,2776601553,216205000
2018-12-20T22:00:00Z,11.81,12.1,11.6,11.76,2041071,2025138.8,2750870701,216205000
2018-12-23T22:00:00Z,11.67,11.98,11.36,11.71,1057865,2005221.65,2739174777,216205000
2018-12-26T22:00:00Z,12.27,12.58,12.25,12.42,1578944,1933403.9,2905256262,216205000
2018-12-27T22:00:00Z,12.5,12.5,11.99,12.14,900712,1702061,2839759405,216205000
2018-12-30T22:00:00Z,12.25,12.65,12.22,12.4,1206193,1608328,2905227993,232873073
2019-01-01T22:00:00Z,12.4,12.67,11.78,12,2001990,1545328.4,2811511047,232873073
2019-01-02T22:00:00Z,12,12.13,11.71,11.98,1092947,1490078.65,2806825088,232873073
2019-01-03T22:00:00Z,11.8,12.25,11.74,12.08,966956,1443710.75,2830254436,232873073
2019-01-06T22:00:00Z,12.45,12.97,12.35,12.94,1918683,1450259.6,3031745981,232873073
2019-01-07T22:00:00Z,12.93,13.24,12.57,13.18,1776725,1457975.25,3087976372,232873073
2019-01-08T22:00:00Z,13.26,13.74,13.26,13.6,1389882,1444161.5,3186379276,232873073
2019-01-09T22:00:00Z,13.79,13.97,13.45,13.7,1318436,1426486.45,3209808401,232873073
2019-01-10T22:00:00Z,13.75,13.89,13.28,13.53,936357,1401906.05,3169978643,232873073
2019-01-13T22:00:00Z,13.36,13.63,12.86,13.05,929159,1395016.85,3057518309,232873073
2019-01-14T22:00:00Z,13.15,13.6,13.05,13.57,1349917,1411497.85,3179350338,232873073
2019-01-15T22:00:00Z,13.6,14.045,13.56,13.92,1523921,1413105.45,3261352833,232873073
2019-01-16T22:00:00Z,14.06,14.45,14.06,14.25,1739490,1428612.8,3338669369,232873073
2019-01-17T22:00:00Z,15.45,16.415001,15.1,16.1,7247455,1693548.9,3772110745,232873073
2019-01-20T22:00:00Z,16.48,16.969999,15.19,15.25,4785592,1861467.15,3572961956,232873073
2019-01-21T22:00:00Z,15.26,15.76,14.92,15.25,1919161,1884072.8,3572961956,232873073
2019-01-22T22:00:00Z,15,15.73,15,15.24,1925171,1878277.8,3570618977,232873073
2019-01-23T22:00:00Z,15.57,15.94,15.17,15.6,1999775,1925373.3,3654964451,232873073
2019-01-24T22:00:00Z,15.7,16.35,15.5,16.24,2241637,1958507.95,3843887712,232873073
2019-01-28T22:00:00Z,16.200001,16.48,15.64,15.71,1605778,1993761.25,3718440699,232873073
2019-01-29T22:00:00Z,16,16.27,15.65,15.72,1184069,1992655.05,3720807679,232873073
2019-01-30T22:00:00Z,16,16.18,15.88,15.91,1490627,1967086.9,3765779173,232873073
2019-01-31T22:00:00Z,16.110001,16.530001,15.96,16.209999,1938245,2009351.8,3836786772,232873073
2019-02-03T22:00:00Z,16.26,16.67,16.17,16.35,1227648,2022386.4,3869924042,232873073
2019-02-04T22:00:00Z,16.58,17.059999,16.57,16.860001,2361773,2044540.9,3990637319.9999995,232873073
2019-02-05T22:00:00Z,17.16,17.74,17.15,17.67,2160844,2063746.85,4182358196.9999995,232873073
2019-02-06T22:00:00Z,17.83,18,17.309999,17.58,2325561,2110530.8,4161055827,232873073
2019-02-07T22:00:00Z,17.280001,17.280001,16.709999,17.1,1642972,2126757.6,4047443489,232873073
2019-02-10T22:00:00Z,17.25,17.549999,16.93,17.139999,938792,2126879.35,4056910958,232873073
2019-02-11T22:00:00Z,17.26,17.85,17.139999,17.799999,1455030,2153172.9,4213128035.9999995,232873073
2019-02-12T22:00:00Z,18,18.09,17.51,17.59,1528911,2162122.6,4163422807,232873073
2019-02-13T22:00:00Z,17.549999,18.49,17.530001,18.360001,2106189,2191236,4345676215,232873073
2019-02-14T22:00:00Z,18.370001,18.790001,18.299999,18.57,1764888,2192505.9,4395381444,232873073
2019-02-17T22:00:00Z,19.01,19.209999,18.66,18.870001,1507171,1905491.7,4466389493,232873073
2019-02-18T22:00:00Z,18.99,19.200001,18.77,18.92,1864921,1759458.15,4478223943,232873073
2019-02-19T22:00:00Z,18.950001,19.190001,16.9,17.440001,3912120,1859106.1,4127919008,232873073
2019-02-20T22:00:00Z,17.450001,17.76,16.65,17.01,3659605,1945827.8,4026141120,232873073
2019-02-21T22:00:00Z,16.790001,17.48,16.610001,17.200001,1608883,1926283.2,4071112839,232873073
2019-02-24T22:00:00Z,20,20.690001,18.950001,20.5,6438221,2136112.4,4857323227,232873073
2019-02-25T22:00:00Z,18.9,20,17.799999,18.15,6442900,2377968.5,4300508035,232873073
2019-02-26T22:00:00Z,18.6,18.9,17.379999,17.639999,4282570,2532893.55,4194896345,232873073
2019-02-27T22:00:00Z,17.700001,18.559999,17.65,18.440001,4147040,2665714.2,4385141356,232873073
2019-02-28T22:00:00Z,18.5,19.98,18.42,19.57,4942296,2815916.75,4653861850,232873073
2019-03-03T22:00:00Z,20.120001,21.09,19.84,19.99,4195254,2964297.05,4753740356,232873073
2019-03-04T22:00:00Z,19.9,20.629999,19.629999,19.9,2399799,2966198.35,4732337786,232873073
2019-03-05T22:00:00Z,20.1,20.129999,19.450001,19.540001,2291556,2972733.95,4647509431,232873073
2019-03-06T22:00:00Z,19.379999,19.84,18.959999,19.059999,2616499,2987280.85,4533343046,232873073
2019-03-07T22:00:00Z,19,19.82,18.620001,19.629999,3000793,3055171.9,4668915146,232873073
2019-03-10T22:00:00Z,19.65,20.450001,19.6,20.209999,2270563,3121760.45,4806865760,232873073
2019-03-11T22:00:00Z,20.540001,20.965,20.35,20.75,2440256,3171021.75,4935302773,232873073
2019-03-12T22:00:00Z,20.700001,20.809999,20.01,20.16,1583258,3173739.1,4794973645,232873073
2019-03-13T22:00:00Z,20.610001,20.84,20.1,20.799999,1480493,3142454.3,4947194887,232873073
2019-03-14T22:00:00Z,20.9,21.1,20.34,20.549999,2174157,3162917.75,4887733408,232873073
2019-03-17T22:00:00Z,20.76,21.08,20.280001,20.6,1705669,3172842.65,4899625976,232873073
2019-03-18T22:00:00Z,20.77,20.799999,20.190001,20.629999,1403333,3149763.25,4906761063,232873073
2019-03-19T22:00:00Z,20.450001,20.959999,20.25,20.76,1301108,3019212.65,4937681286,232873073
2019-03-20T22:00:00Z,20.610001,21,20.379999,20.5,1144664,2893465.6,4875841293,232873073
2019-03-21T22:00:00Z,20.719999,21,20.58,20.65,895773,2857810.1,4912034529,232873073
2019-03-24T22:00:00Z,20.15,20.200001,19.450001,19.549999,2265707,2649184.4,4650376420,232873073
2019-03-25T22:00:00Z,19.459999,19.75,19.280001,19.6,1090318,2381555.3,4662270238,232873073
2019-03-26T22:00:00Z,19.620001,20.08,19.610001,19.969999,1169746,2225914.1,4750282227,232873073
2019-03-27T22:00:00Z,19.950001,20.639999,19.709999,20.42,1185503,2077837.25,4857324325,232873073
2019-03-28T22:00:00Z,20.5,21.040001,20.5,20.950001,1860996,1923772.25,4983396079,232873073
2019-03-31T22:00:00Z,21.209999,22.59,21.209999,22.389999,2837087,1855863.9,5325929886,232873073
2019-04-01T22:00:00Z,23,23.67,22.9,23.4,2830712,1877409.55,5566179575,232873073
2019-04-02T22:00:00Z,23.700001,24.129999,23.049999,23.309999,1792238,1852443.65,5544771156,232873073
2019-04-03T22:00:00Z,23.299999,23.65,23.16,23.5,1147712,1779004.3,5589966759,232873073
2019-04-04T22:00:00Z,23.700001,24.719999,23.65,24.4,2529197,1755424.5,5804050501,232873073
2019-04-07T23:00:00Z,24.799999,25.17,24.02,24.23,2260421,1754917.4,5763612426,232873073
2019-04-08T23:00:00Z,24.41,24.889999,24.110001,24.66,1830871,1724448.15,5865896996,232873073
2019-04-09T23:00:00Z,24.799999,25.35,24.709999,25.030001,2431979,1766884.2,5953909439,232873073
2019-04-10T23:00:00Z,25.209999,25.59,24.98,25.549999,1638703,1774794.7,6077601975,232873073
2019-04-11T23:00:00Z,25.75,25.85,25.209999,25.299999,1824016,1757287.65,6018134244,232873073
2019-04-14T23:00:00Z,25.459999,25.58,24.23,24.99,1859038,1764956.1,5944394384,232873073
2019-04-15T23:00:00Z,24.780001,25.15,24.34,24.799999,2123924,1800985.65,5923296058,232873073
2019-04-16T23:00:00Z,24.85,24.98,23.34,23.34,2557156,1863788.05,5574586095,232873073
2019-04-17T23:00:00Z,22.99,23.1,22.4,22.809999,2264890,1919799.35,5447999358,232873073
2019-04-22T23:00:00Z,22.860001,23.455,22.700001,22.93,1549149,1952468.15,5476660669,232873073
2019-04-23T23:00:00Z,23.379999,23.84,22.940001,23.75,2034162,1940890.9,5672511520,232873073
2019-04-25T23:00:00Z,24,24.5,23.51,23.82,1270740,1949912,5689230429,232873073
2019-04-28T23:00:00Z,23.860001,25.040001,23.85,24.92,1469569,1964903.15,5951957369,232873073
2019-04-29T23:00:00Z,25.5,25.700001,25.299999,25.59,1475299,1979392.95,6111981923,232873073
2019-04-30T23:00:00Z,25.9,27.48,25.799999,27.299999,2625303,2017608.3,6520402534,232873073
2019-05-01T23:00:00Z,27.4,28.200001,26.379999,26.860001,2202487,1985878.3,6415312122,232873073
2019-05-02T23:00:00Z,27.75,28.25,27.129999,27.65,2208004,1954742.9,6603997532,232873073
2019-05-05T23:00:00Z,27.299999,27.629999,26.15,27.5,1859484,1958105.2,6568171234,232873073
2019-05-06T23:00:00Z,28,28.700001,27.9,28.459999,1728688,1987154,6797459902,232873073
2019-05-07T23:00:00Z,27.799999,27.879999,26.51,26.559999,2700758,1995732.05,6343659072,232873073
2019-05-08T23:00:00Z,26.950001,27.5,26.120001,26.43,1811214,1973271.7,6312609735,232873073
2019-05-09T23:00:00Z,26.5,26.75,25.700001,26.209999,1417204,1952588.35,6260064074,232873073
2019-05-12T23:00:00Z,26,26.450001,25.58,26.17,911571,1876567.95,6250510607,232873073
2019-05-13T23:00:00Z,25.15,26.09,24.690001,26,1600326,1874649.1,6209907349,232873073
2019-05-14T23:00:00Z,26.35,26.82,26.040001,26.139999,1010297,1833963.15,6243345166,232873073
2019-05-15T23:00:00Z,26.08,26.459999,24.959999,25.459999,1978730,1839947.75,6080932131,232873073
2019-05-16T23:00:00Z,25.85,26.73,25.5,25.6,1705516,1819027.35,6114370404,232873073
2019-05-19T23:00:00Z,26.4,26.5,25.42,25.969999,902985,1736318.8,6202741907,232873073
2019-05-20T23:00:00Z,25.690001,25.795,24.6,24.700001,2760044,1761076.5,5899412163,232873073
2019-05-21T23:00:00Z,24.719999,24.98,24.08,24.379999,1590777,1763157.9,5822982152,232873073
2019-05-22T23:00:00Z,24.23,25.219999,24.23,25.08,1061611,1714530.35,5990172147,232873073
2019-05-23T23:00:00Z,24.66,24.73,23.860001,23.98,1101851,1706085.9,5727445207,232873073
2019-05-26T23:00:00Z,23.99,24.389999,23.75,23.93,785630,1671888.95,5715503260,232873073
2019-05-27T23:00:00Z,24.059999,24.93,24.059999,24.93,2232855,1709766.75,5954345850,232873073
2019-05-28T23:00:00Z,24.530001,25.18,24.52,25.049999,830626,1620032.9,5983006706,232873073
2019-05-29T23:00:00Z,24.610001,24.940001,24,24.040001,1132915,1566554.3,5741776090,232873073
2019-05-30T23:00:00Z,23.969999,24.49,23.33,24.15,1082797,1510293.95,5768048465,232873073
2019-06-02T23:00:00Z,23.68,23.91,22.889999,23.18,1769764,1505807.95,5536371317,232873073
2019-06-03T23:00:00Z,22.75,23.049999,22.27,22.32,1950542,1516900.65,5330966543,232873073
2019-06-04T23:00:00Z,23.030001,24.57,22.950001,23.9,2427155,1503220.5,5708337818,232873073
2019-06-05T23:00:00Z,25.01,25.200001,22.959999,23.450001,3680154,1596667.5,5600858926,232873073
2019-06-06T23:00:00Z,23.5,24.370001,22.950001,24.17,2484087,1650011.65,5772825427,232873073
2019-06-11T23:00:00Z,24.6,26.49,24.4,25.639999,6517721,1930319.15,6123923870,232873073
2019-06-12T23:00:00Z,23.98,24.799999,21.93,22.549999,7689433,2234774.5,5385900230,232873073
2019-06-13T23:00:00Z,22.790001,23.1,20.959999,21.59,5402663,2454392.8,5156611562,232873073
2019-06-16T23:00:00Z,21.01,21.290001,19.98,20.27,4561013,2583506.95,5120925682,232873073
2019-06-17T23:00:00Z,20.200001,21.84,20.02,21.27,4091580,2702810.15,5373561378,232873073
2019-06-18T23:00:00Z,22.360001,22.65,21.709999,22.059999,3045800,2809950.9,5573143328,232873073
2019-06-19T23:00:00Z,22.35,23.49,22.299999,23.49,2321569,2788027.15,5934412451,232873073
2019-06-20T23:00:00Z,23.74,24.15,23.1,23.85,5709674,2993972,6025361456,232873073
2019-06-23T23:00:00Z,23.5,24.799999,23.4,24.780001,2750620,3078422.45,6260312731,232873073
2019-06-24T23:00:00Z,24.52,25.719999,24.389999,25.719999,3356474,3191153.6,6497789938,232873073
2019-06-25T23:00:00Z,25.870001,27.389999,25.73,27.139999,4306862,3367215.2,6856532646,232873073
2019-06-26T23:00:00Z,27,27.9,26.68,27.83,3253764,3418260.65,7030851412,232873073
2019-06-27T23:00:00Z,27.99,28.76,23.950001,25.07,6145257,3683992.2,6333576832,251492000
2019-06-30T23:00:00Z,22.52,24.68,22.5,24.4,7910243,4022858.6,6164310896,251492000
2019-07-01T23:00:00Z,24.6,26.440001,24.594999,26.09,3406263,4139031.9,6591265358,251492000
2019-07-02T23:00:00Z,26.35,26.9,25.879999,26.389999,2151694,4158128.4,6667055874,251492000
2019-07-03T23:00:00Z,26.450001,27.469999,26.23,27,2211668,4171184.7,6821163803,251492000
2019-07-04T23:00:00Z,27,27.24,26.1,26.84,2143651,4157009.5,6780742130,251492000
2019-07-07T23:00:00Z,26.6,27.389999,26.25,27,1259149,4035959.25,6821163803,251492000
2019-07-08T23:00:00Z,26.450001,26.76,25.6,25.690001,2111789,4017344.35,6490211176,251492000
2019-07-09T23:00:00Z,25.77,26.379999,25.379999,25.59,2132393,3798077.95,6464947510,251492000
2019-07-10T23:00:00Z,25.59,25.940001,25.07,25.49,1230740,3475143.3,6439683844,251492000
2019-07-11T23:00:00Z,25.530001,25.610001,24.285,24.48,2008837,3305452,6184521732,251492000
2019-07-14T23:00:00Z,24.379999,24.5,23.620001,23.790001,1980453,3176424,6010203449,251492000
2019-07-15T23:00:00Z,24,24.389999,23.51,23.59,1085764,3026133.2,5959676117,251492000
2019-07-16T23:00:00Z,23.549999,24.27,23.299999,23.809999,1079984,2927842.4,6015255797,251492000
2019-07-17T23:00:00Z,23.82,24.120001,23.48,23.52,1075810,2865554.45,5941991695,251492000
2019-07-18T23:00:00Z,23.41,24.299999,23.4,24.02,1641536,2662147.55,6068309543,251492000
2019-07-21T23:00:00Z,24.1,24.6,23.620001,23.67,1103580,2579795.55,5979886953,251492000
2019-07-22T23:00:00Z,23.67,24.719999,23.65,24.68,1217010,2472822.35,6235049065,251492000
2019-07-23T23:00:00Z,24.940001,25.700001,24.83,25.309999,1795275,2347243,6394209341,251492000
2019-07-24T23:00:00Z,25.549999,25.98,25.059999,25.93,1355607,2252335.15,6550843685,251492000
2019-07-25T23:00:00Z,25.700001,26.299999,25.209999,26.139999,2203146,2055229.6,6603896950,251492000
2019-07-28T23:00:00Z,26.469999,27.219999,26.42,27.18,2035013,1761468.1,6866638306,251492000
2019-07-29T23:00:00Z,27.299999,27.5,26.459999,26.610001,1787172,1680513.55,6722636036,251492000
2019-07-30T23:00:00Z,26.49,27.08,26.450001,26.74,1154255,1630641.6,6755478464,251492000
2019-07-31T23:00:00Z,26.549999,27.145,25.860001,26.540001,920158,1566066.1,6704951614,251492000
2019-08-01T23:00:00Z,26.43,26.74,25.49,25.49,1220322,1519899.65,6439683844,251492000
2019-08-04T23:00:00Z,25.65,25.870001,23.41,23.5,2071440,1560514.2,5936938866,251492000
2019-08-05T23:00:00Z,21.5,22.92,21.200001,22.34,5099117,1709880.6,5643881496,251492000
2019-08-06T23:00:00Z,23,23.450001,22.4,22.48,3030118,1754766.85,5679250340,251492000
2019-08-07T23:00:00Z,22.5,23.08,22.15,22.780001,1847200,1785589.85,5755041338,251492000
2019-08-08T23:00:00Z,24.4,24.9,23.35,24.17,3440710,1857183.5,6106204802,251492000
2019-08-11T23:00:00Z,23.68,24.08,23.43,23.719999,2296941,1873007.9,5992518545,251492000
2019-08-12T23:00:00Z,23.389999,23.709999,23.34,23.549999,1918278,1914633.6,5949570458,251492000
2019-08-13T23:00:00Z,23.99,24.690001,23.860001,24.65,1821664,1951717.6,6227469820,251492000
2019-08-14T23:00:00Z,23.129999,23.700001,22.780001,22.860001,2937430,2044798.6,5775252174,251492000
2019-08-15T23:00:00Z,23.02,23.940001,23.02,23.26,2586090,2092026.3,5876306356,251492000
2019-08-18T23:00:00Z,23.76,24.285,23.709999,24.27,1685870,2121140.8,6131468468,251492000
2019-08-19T23:00:00Z,24.709999,25.18,24.43,25.02,3456206,2233100.6,6320945240,251492000
2019-08-20T23:00:00Z,24.51,24.790001,23.92,24.059999,1985724,2242623.05,6078414721,251492000
2019-08-21T23:00:00Z,24.57,24.92,24.209999,24.690001,2527858,2301235.6,6237575479,251492000
2019-08-22T23:00:00Z,24.799999,24.93,24.24,24.540001,1030354,2242596,6199680221,251492000
2019-08-25T23:00:00Z,23.299999,24.23,23.26,24,1443122,2213001.45,6063256714,251492000
2019-08-26T23:00:00Z,24.65,26,24.52,25.870001,2821343,2264710,6535685678,251492000
2019-08-27T23:00:00Z,26.299999,28.280001,25.9,28.280001,6108571,2512425.8,7144537668,251492000
2019-08-28T23:00:00Z,28.610001,29.68,27.52,29.620001,3926796,2662757.7,7483069540,251492000
2019-08-29T23:00:00Z,29.870001,31.07,29.719999,30.98,4018453,2802664.25,7826653759,251492000
2019-09-01T23:00:00Z,30.9,31.459999,30.530001,31.379999,1945385,2796361.5,7927707941,251492000
2019-09-02T23:00:00Z,31,32.130001,30.870001,31.93,1415938,2612202.55,8066657864,251492000
2019-09-03T23:00:00Z,31.379999,32.049999,30.860001,31.809999,2516825,2586537.9,8036341368,251492000
2019-09-04T23:00:00Z,32.029999,33.07,32.029999,32.560001,2824512,2635403.5,8225818622.000001,251492000
2019-09-05T23:00:00Z,33.279999,33.91,33.110001,33.880001,2353447,2581040.35,8559297664,251492000
2019-09-08T23:00:00Z,34.130001,34.279999,33.029999,33.869999,2145949,2573490.75,8556770768,251492000
2019-09-09T23:00:00Z,33.25,33.34,32.200001,32.470001,2334600,2594306.85,8203081371,251492000
2019-09-10T23:00:00Z,31.98,32.23,31.08,32.099998,3054920,2655969.65,8109605469,251492000
2019-09-11T23:00:00Z,32.580002,33.189999,31.620001,31.799999,3817036,2699949.95,8033814953,251492000
2019-09-12T23:00:00Z,32.290001,32.599998,31.77,31.940001,1293155,2635303.2,8069184278,251492000
2019-09-15T23:00:00Z,31.6,32.66,31.6,32,2610419,2681530.65,8084342285,251492000
2019-09-16T23:00:00Z,31.98,32.220001,31.26,31.58,2879602,2652700.45,7978235273,251492000
2019-09-17T23:00:00Z,31.879999,32.779999,31.75,32.279999,1719802,2639404.35,8155079972,251492000
2019-09-18T23:00:00Z,32.400002,32.990002,32.310001,32.790001,1650343,2595528.6,8283924716.999999,251492000
2019-09-19T23:00:00Z,33.02,33.634998,32.900002,33.049999,4548948,2771458.3,8349609574,251492000
2019-09-22T23:00:00Z,33.490002,33.490002,31.719999,32.23,2087711,2803687.75,8142448380,251492000
2019-09-23T23:00:00Z,32.23,32.509998,31.549999,31.77,2139596,2769600.4,8026236191,251492000
2019-09-24T23:00:00Z,33.349998,36.650002,32.810001,36,4207856,2674564.65,9096384705,251492000
2019-09-25T23:00:00Z,36.34,37.119999,35.259998,35.52,2307699,2593609.8,8975099691,251492000
2019-09-26T23:00:00Z,35.799999,36.619999,35.689999,36.57,2295547,2507464.5,9240410719,251492000
2019-09-29T23:00:00Z,36.57,36.900002,35.669998,35.869999,1554464,2487918.45,9063536379,251492000
2019-09-30T23:00:00Z,35.860001,35.869999,34.75,35.290001,2005912,2517417.15,8916984015,251492000
2019-10-01T23:00:00Z,34.549999,35.98,34.549999,35.360001,1599975,2471574.65,8934671353,251492000
2019-10-02T23:00:00Z,34.360001,34.48,33.369999,34.290001,2681591,2464428.6,8664306662,251492000
2019-10-03T23:00:00Z,34.599998,34.799999,34.064999,34.150002,1705048,2432008.65,8628931987,251492000
2019-10-06T22:00:00Z,34.5,35.279999,34.380001,34.919998,1223637,2385893.05,8823492701,251492000
2019-10-07T22:00:00Z,34.68,34.82,33.43,34.650002,1833909,2360858.5,8755270664,251492000
2019-10-08T22:00:00Z,33.700001,35.02,33.380001,34.880001,3629467,2389585.85,8813386339,251492000
2019-10-09T22:00:00Z,34.919998,35.540001,34.880001,35.07,1902151,2293841.6,8861394689,251492000
2019-10-10T22:00:00Z,35.25,35.709999,34.965,35.119999,1519760,2305171.85,8874028364,251492000
2019-10-13T22:00:00Z,35.990002,36.34,35.830002,36.099998,1948388,2272070.3,9121652054,251492000
2019-10-14T22:00:00Z,37,37.41,36.395,36.560001,1650819,2210631.15,9237884369,251492000
2019-10-15T22:00:00Z,36.09,36.099998,33.5,33.919998,4847500,2367016.05,8572511451,251492000
2019-10-16T22:00:00Z,33.889999,33.98,31.639999,31.98,7005111,2634754.45,8082220728,251492000
2019-10-17T22:00:00Z,31.33,31.620001,29.209999,29.65,6075511,2711082.6,7493366008,251492000
2019-10-20T22:00:00Z,27.99,29.299999,27.25,28.66,5078134,2860603.75,7243165983,251492000
2019-10-21T22:00:00Z,28.700001,29.530001,28.639999,29.209999,3208464,2914047.15,7382165836,251492000
2019-10-22T22:00:00Z,29.440001,30.23,29.129999,29.780001,2577088,2832508.75,7526220834,251492000
2019-10-23T22:00:00Z,30.5,30.73,28.68,29.01,3447345,2889491.05,7331620654,251492000
2019-10-24T22:00:00Z,29.5,30.17,29.299999,29.299999,2048241,2877125.75,7404911337,251492000
2019-10-27T22:00:00Z,29.6,29.77,28.530001,28.65,1809590,2889882.05,7240638652,251492000
2019-10-28T22:00:00Z,28.73,29.25,28.299999,29.1,1291367,2854154.8,7354366155,251492000
2019-10-29T22:00:00Z,29.219999,29.41,28.08,28.24,1238820,2836097.05,7137020474,251492000
2019-10-30T22:00:00Z,28.5,29.049999,28.280001,28.860001,1206147,2762324.85,7294000529,251492000
2019-10-31T22:00:00Z,28.52,28.530001,27.15,27.450001,2090158,2781580.35,6937640882,251492000
2019-11-03T22:00:00Z,27.799999,27.950001,27.01,27.379999,1752390,2808018,6919948861,251492000
2019-11-04T22:00:00Z,27.26,27.76,26.74,27.129999,1419134,2787279.25,6856764520,251492000
2019-11-05T22:00:00Z,27.1,27.129999,25.83,25.940001,2000295,2705820.65,6556007402,251492000
2019-11-06T22:00:00Z,26.25,26.73,25.73,26.24,2275321,2724479.15,6631828419,251492000
2019-11-07T22:00:00Z,26.73,27.389999,26.35,26.969999,2046426,2750812.45,6816326580,251492000
2019-11-10T22:00:00Z,28.059999,28.57,27.84,28.200001,3160537,2811419.9,7127193906,251492000
2019-11-11T22:00:00Z,29.030001,29.790001,28.76,29.190001,2717667,2864762.3,7377403840,251492000
2019-11-12T22:00:00Z,31.1,31.98,27.809999,29.370001,4944505,2869612.55,7422896643,251492000
2019-11-13T22:00:00Z,30.15,31.98,30.139999,31.57,5269722,2782843.1,7978918559,251492000
2019-11-14T22:00:00Z,31.790001,33.279999,31.5,32.91,2536882,2605911.65,8317586667,251492000
2019-11-17T22:00:00Z,33.099998,33.43,31.700001,32.25,2193662,2461688.05,8150780045,251492000
2019-11-18T22:00:00Z,32.299999,32.400002,30.879999,31.34,2338193,2418174.5,7920789080,251492000
2019-11-19T22:00:00Z,31.27,31.780001,30.76,31.5,1284070,2353523.6,7961227020,251492000
2019-11-20T22:00:00Z,31.32,31.450001,30.219999,30.4,1329740,2247643.35,7683215822,251492000
2019-11-21T22:00:00Z,30.85,31.280001,30.379999,30.49,851145,2187788.55,7705962223,251492000
2019-11-24T22:00:00Z,32.259998,34.049999,31.85,32.639999,2450396,2219828.85,8249347463,251492000
2019-11-25T22:00:00Z,33.400002,33.470001,32.049999,32.189999,1586379,2234579.45,8135615456,251492000
2019-11-26T22:00:00Z,32.200001,32.299999,31.219999,32.080002,1190157,2232146.3,8107815155,251492000
2019-11-27T22:00:00Z,32.240002,32.700001,32.139999,32.490002,1201927,2231935.3,8211437437.000001,251492000
2019-11-28T22:00:00Z,32.32,33.130001,31.57,31.6,1946923,2224773.55,8208254396,251492000
2019-12-01T22:00:00Z,31.639999,31.709999,30.559999,31.17,1588686,2216588.35,8096559717,251492000
2019-12-02T22:00:00Z,30.6,30.700001,30.110001,30.469999,1340809,2212672.1,7914731101,251492000
2019-12-03T22:00:00Z,29.799999,30.02,28.780001,29.08,1982953,2211805,7553671972,251492000
2019-12-04T22:00:00Z,29.700001,31.860001,29.58,29.75,2207618,2208419.85,7727707764,251492000
2019-12-05T22:00:00Z,29.9,29.969999,28.93,29.9,1358291,2174013.1,7766670897,251492000
2019-12-08T22:00:00Z,30,30.299999,29.35,29.879999,1302705,2081121.5,7761475680,251492000
2019-12-09T22:00:00Z,29.59,30.08,29,29.879999,925723,1991524.3,7761475680,251492000
2019-12-10T22:00:00Z,30.030001,30.09,29.209999,29.469999,869893,1787793.7,7654976218,251492000
2019-12-11T22:00:00Z,29.459999,29.49,28.709999,28.870001,855076,1567061.4,7515333105,251492000
2019-12-12T22:00:00Z,28.879999,29.15,28.35,28.700001,875476,1483991.1,7476819657,251492000
2019-12-15T22:00:00Z,28.57,29.5,28.389999,29.26,978332,1423224.6,7622708678,251492000
2019-12-16T22:00:00Z,29.5,30.059999,28.700001,28.790001,905542,1351592.05,7500266169,251492000
2019-12-17T22:00:00Z,28.75,29.540001,28.58,29.1,1001232,1337450.15,7581026100,251492000
2019-12-18T22:00:00Z,29.42,29.799999,28.690001,28.780001,1417375,1341831.9,7497660945,251492000
2019-12-19T22:00:00Z,29,29.42,28.620001,29.27,1420410,1370295.15,7628964612,251492000
2019-12-22T22:00:00Z,29.299999,29.74,28.74,29.48,1092843,1302417.5,7684387239,251492000
2019-12-23T22:00:00Z,29.5,29.76,29.049999,29.200001,568100,1251503.55,7611401517,251492000
2019-12-26T22:00:00Z,29.6,30.709999,29.48,30.58,880495,1236020.45,7971118210,251492000
2019-12-29T22:00:00Z,30.700001,30.85,29.9,30.110001,794920,1215670.1,7848606108,251492000
2019-12-30T22:00:00Z,29.75,29.99,29.040001,29.280001,2097917,1223219.8,7632254652,260664400
2020-01-01T22:00:00Z,29.280001,30.709999,29.280001,30.629999,1262345,1206902.75,7984151233,260664400
2020-01-02T22:00:00Z,30.98,31.17,30.18,30.27,1307590,1205241.8,7890312376,260664400
2020-01-05T22:00:00Z,30,30.139999,29.49,29.99,976326,1154910.45,7817326157,260664400
2020-01-06T22:00:00Z,30.26,30.540001,29.934999,30.41,923611,1090710.1,7926805237,260664400
2020-01-07T22:00:00Z,30.42,30.5,29.219999,30.08,1399559,1092773.5,7840785996,260664400
2020-01-08T22:00:00Z,30.68,31.15,30.469999,30.57,1157840,1085530.25,7968511506,260664400
2020-01-09T22:00:00Z,30.959999,31.34,30.469999,31.129999,1395336,1109010.9,8114483447,260664400
2020-01-12T22:00:00Z,31,32.740002,30.66,32.529999,2141614,1172596.95,8479413548,260664400
2020-01-13T22:00:00Z,32.93,33.939999,32.799999,33.200001,1653432,1212514.75,8654059232,260664400
2020-01-14T22:00:00Z,33.400002,33.52,32.75,32.799999,1041115,1220796.7,8549793062.999999,260664400
2020-01-15T22:00:00Z,33.200001,33.43,32.959999,33.240002,791115,1211435.85,8664486048,260664400
2020-01-16T22:00:00Z,33.450001,33.790001,33.02,33.220001,1555591,1243938.3,8659272640,260664400
2020-01-19T22:00:00Z,33.470001,34.189999,33.450001,34,1554336,1271593.5,8862590576,260664400
2020-01-20T22:00:00Z,34.189999,34.349998,33.709999,34.330002,1363915,1268920.5,9014899445,260664400
2020-01-21T22:00:00Z,34.59,35.18,34.450001,34.82,2322339,1314016.95,9143570614,260664400
2020-01-22T22:00:00Z,34.830002,36.18,34.41,36.119999,1859330,1352341.3,9484944391,260664400
2020-01-23T22:00:00Z,36.419998,37.150002,36.25,37,1717260,1409799.3,9716028595,260664400
2020-01-27T22:00:00Z,34.799999,36.98,34.5,36.700001,2704127,1500980.9,9658101135,260664400
2020-01-28T22:00:00Z,36.849998,38.060001,36.830002,37.990002,1894902,1555980,10052109461,260664400
2020-01-29T22:00:00Z,37.939999,38.360001,37.470001,37.799999,1912118,1546690.05,10001835040,260664400
2020-01-30T22:00:00Z,37.98,38.689999,37.900002,38.549999,2157988,1591472.2,10200284152,260664400
2020-02-02T22:00:00Z,37.57,38.299999,37.150002,38.060001,1712505,1611717.95,10070631297,260664400
2020-02-03T22:00:00Z,38.5,39.98,38.389999,39.880001,2086097,1667206.5,10552201061,260664400
2020-02-04T22:00:00Z,40.150002,40.73,38.599998,39.200001,2354848,1738768.35,10372273786,260664400
2020-02-05T22:00:00Z,39.700001,39.860001,38.150002,38.990002,2866647,1812122.75,10316708277,260664400
2020-02-06T22:00:00Z,38.880001,39.639999,38.459999,39.439999,2047074,1856584.45,10435776936,260664400
2020-02-09T22:00:00Z,39.330002,39.75,38.360001,38.52,1653058,1869470.55,10192346510,260664400
2020-02-10T22:00:00Z,38.75,39.43,38.549999,39.389999,1166962,1820737.95,10422547198,260664400
2020-02-11T22:00:00Z,39.07,39.27,38.48,38.610001,1620208,1819076.75,10216160444,260664400
2020-02-12T22:00:00Z,38.549999,39.119999,38.490002,38.560001,1012715,1817656.75,10202930705,260664400
2020-02-13T22:00:00Z,38.5,38.950001,38.049999,38.610001,1736907,1864946.35,10216160444,260664400
2020-02-16T22:00:00Z,38.709999,39.869999,38.630001,39.52,3134249,1943879.25,10456945326,260664400
2020-02-17T22:00:00Z,39.549999,39.959999,38.810001,39.869999,1508460,1941585.45,10549554508,260664400
2020-02-18T22:00:00Z,39.849998,40.610001,39.310001,40.5,1368093,1941794.35,10716252045,260664400
2020-02-19T22:00:00Z,41,41.139999,38.880001,39.259998,2194115,1935383.15,10388149069,260664400
2020-02-20T22:00:00Z,39.279999,39.700001,38.349998,38.990002,1597142,1922273.75,10316708277,260664400
2020-02-23T22:00:00Z,38.049999,38.610001,36.950001,36.970001,1656175,1919219.5,9782218547,260664400
2020-02-24T22:00:00Z,35,37.689999,34.5,37.029999,3887959,1978411.1,9798093830,260664400
2020-02-25T22:00:00Z,35.73,36.400002,35.200001,35.970001,2866143,2026973.15,9517619732,260664400
2020-02-26T22:00:00Z,34.5,38.349998,33.470001,36.470001,4289724,2145853.45,9649919140,260664400
2020-02-27T22:00:00Z,34,34.240002,32.080002,33.169998,8773321,2476620.1,8776742240,260664400
2020-03-01T22:00:00Z,32.18,33.349998,31.299999,32.639999,4427629,2612376.3,8636505190,260664400
2020-03-02T22:00:00Z,34,35.349998,33.990002,34.66,4153693,2715756.1,9170994919,260664400
2020-03-03T22:00:00Z,33.5,34.380001,33.189999,33.189999,2248614,2710444.4,8782034337,260664400
2020-03-04T22:00:00Z,34.310001,34.68,33.689999,34.369999,3074902,2720857.15,9094261020,260664400
2020-03-05T22:00:00Z,33.540001,34.110001,32.849998,32.939999,1864890,2711747.95,8715884633,260664400
2020-03-08T22:00:00Z,31.139999,32.279999,26.700001,27.629999,6581411,2958165.6,7310865062,260664400
2020-03-09T22:00:00Z,26.299999,30.110001,26.23,29.58,6016771,3200656.05,7826832955,260664400
2020-03-10T22:00:00Z,29.950001,30.469999,27.030001,27.030001,4963401,3367815.7,7190623597,260664400
2020-03-11T22:00:00Z,26.27,27.1,20.879999,23.879999,11011692,3867764.55,6352648209,260664400
2020-03-12T22:00:00Z,21,24.16,20.4,23.24,10082440,4285041.2,6182393137,260664400
2020-03-15T22:00:00Z,21.5,22.24,19.92,19.92,7420245,4499341,5299194190,260664400
2020-03-16T22:00:00Z,18,20.450001,17.889999,19.059999,11205162,4984176.1,5070413557,260664400
2020-03-17T22:00:00Z,18.4,18.73,11.92,12.76,14676342,5649588.55,3394463796,260664400
2020-03-18T22:00:00Z,12.9,13.09,9.57,9.9,17918363,6435800.95,2633635555,260664400
2020-03-19T22:00:00Z,10.97,16,10.9,12.44,19173478,7314617.75,3309336007,260664400
2020-03-22T22:00:00Z,9.96,10.4,8.01,8.9,18875305,8175574.25,2367611752,260664400
2020-03-23T22:00:00Z,9.87,12.19,9.05,11.21,11619998,8562176.2,2982126850,260664400
2020-03-24T22:00:00Z,15,16.58,13.58,15,13243615,9081049.8,3990357056,260664400
2020-03-25T22:00:00Z,15.49,20.129999,14.95,19.41,14408454,9586986.3,5163521989,260664400
2020-03-26T22:00:00Z,22.15,23.879999,17.129999,19.1,16892647,9992952.6,5081054752,260664400
2020-03-29T22:00:00Z,18,19.379999,17.02,18.4,7373749,10140258.6,4894837887,260664400
2020-03-30T22:00:00Z,20.549999,20.75,17.940001,18.799999,8433637,10354255.8,5001247307,260664400
2020-03-31T22:00:00Z,19.85,20.66,19.43,20.66,7550906,10619370.4,5496051744,260664400
2020-04-01T22:00:00Z,19.85,21.700001,19.709999,20.15,5916720,10761461.3,5360379543,260664400
2020-04-02T22:00:00Z,20.75,21.129999,19.41,19.549999,6116889,10974061.25,5200765160,260664400
2020-04-05T23:00:00Z,20,20.42,19.67,20.120001,7437333,11016857.35,5352399154,260664400
2020-04-06T23:00:00Z,21,21.889999,20.799999,21.059999,5008795,10966458.55,5602461164,260664400
2020-04-07T23:00:00Z,20.58,20.719999,19.67,19.879999,4822808,10959428.9,5288552995,260664400
2020-04-08T23:00:00Z,20.799999,22.1,20.4,22,3995274,10608608,5852523682,260664400
2020-04-13T23:00:00Z,24.1,28.440001,23.719999,28.4,7785053,10493738.65,7555075924,260664400
2020-04-14T23:00:00Z,28,28.200001,26.25,27.879999,7036955,10474574.15,7429289764,260664400
2020-04-15T23:00:00Z,26.200001,27.469999,25.9,27.280001,5000856,10164358.85,7283045882,260664400
2020-04-16T23:00:00Z,28.6,30.360001,28.6,29,5875612,9724322.35,7742240662,260664400
2020-04-19T23:00:00Z,28.799999,29.629999,28.08,29,4022044,9029506.4,7742240662,260664400
2020-04-20T23:00:00Z,28.450001,29.030001,27.190001,27.32,4544126,8298038.8,7293724569,260664400
2020-04-21T23:00:00Z,26.5,27.129999,25.67,26.57,4607128,7584629.95,7093494207,260664400
2020-04-22T23:00:00Z,27.25,27.65,26.6,27.15,3441190,7175689.55,7248339000,260664400
2020-04-23T23:00:00Z,27,27.58,26.85,27.01,2364336,6631725.6,7210962829,260664400
2020-04-26T23:00:00Z,27.299999,27.98,26.950001,27.75,2490798,6035842.8,7408523392,260664400
2020-04-27T23:00:00Z,27.99,28.5,27.9,28.309999,2123047,5297362.8,7558028586,260664400
2020-04-28T23:00:00Z,28.379999,28.43,27.715,28.15,3607748,5109062.75,7515312816,260664400
2020-04-29T23:00:00Z,28.889999,31.450001,28.76,31.200001,5934586,4984110.2,8329583259.999999,260664400
2020-04-30T23:00:00Z,29.75,30.309999,28.799999,29.16,4389812,4826055.5,7784956431,260664400
2020-05-03T23:00:00Z,38,39.59,32.5,36.099998,10338198,5047129.4,9637754347,260664400
2020-05-04T23:00:00Z,36.900002,38.18,36.48,38.18,4142140,4948391.95,10193060373,260664400
2020-05-05T23:00:00Z,38.509998,39.950001,38.509998,39.799999,2881542,4720602.4,10625557670,260664400
2020-05-06T23:00:00Z,39.209999,39.73,38.52,39.5,2356639,4587994.6,10545465729,260664400
2020-05-07T23:00:00Z,39.279999,40,39.130001,39.880001,2767830,4485245.7,10646916064,260664400
2020-05-10T23:00:00Z,39.900002,43.68,39.84,42.169998,3677206,4469342.3,11258285328,260664400
2020-05-11T23:00:00Z,42.5,43.18,40.700001,41.68,3852252,4272702.25,11133413929,260664400
2020-05-12T23:00:00Z,40.490002,43.5,39.700001,43.459999,4676501,4154679.55,11608880893,260664400
2020-05-13T23:00:00Z,41.959999,43.599998,41.529999,41.650002,2504456,4029859.55,11125400762,260664400
2020-05-14T23:00:00Z,42.400002,42.669998,40.759998,41.200001,2895943,3880876.1,11005198153,260664400
2020-05-17T23:00:00Z,42.360001,42.599998,41.5,42.310001,1922681,3775907.95,11301697581,260664400
2020-05-18T23:00:00Z,43.099998,43.330002,41.709999,42,2347223,3666062.8,11218891113,260664400
2020-05-19T23:00:00Z,41.75,43.400002,41.68,42.889999,2140591,3542735.95,11459498937,260664400
2020-05-20T23:00:00Z,44.200001,45.169998,43.68,44,3316651,3536509,11756072754,260664400
2020-05-21T23:00:00Z,44.25,45.040001,44.110001,44.509998,2562240,3546404.2,11892335876,260664400
2020-05-24T23:00:00Z,45.02,49,45.02,48.5,3365690,3590148.8,12958398376,260664400
2020-05-25T23:00:00Z,49,50.009998,48.52,49.110001,3639200,3665956.45,13121380457,260664400
2020-05-26T23:00:00Z,48.48,48.599998,44.869999,45.25,5796090,3775373.55,12098558563,260664400
2020-05-27T23:00:00Z,46.5,46.900002,45.380001,46.09,3539499,3655619.2,12323150630,260664400
2020-05-28T23:00:00Z,46.849998,47.57,46.150002,47.41,24439242,4658090.7,12676080876,260664400
2020-05-31T23:00:00Z,46.529999,48.099998,46.529999,47.75,2732777,4277819.65,12766987213,260664400
2020-06-01T23:00:00Z,48.220001,49.52,48.02,49.52,3449017,4243163.5,13265359026,260664400
2020-06-02T23:00:00Z,50.119999,52.290001,50.02,52.259998,2924104,4245291.6,13999346406,260664400
2020-06-03T23:00:00Z,53.5,53.810001,51.919998,52.200001,3448569,4299888.1,13983274332,260664400
2020-06-04T23:00:00Z,51.990002,52.41,50.150002,50.610001,2856264,4304309.8,13557346975,260664400
2020-06-08T23:00:00Z,51.25,51.580002,50.389999,50.700001,2949883,4267943.65,13581456110,260664400
2020-06-09T23:00:00Z,50.689999,54.849998,50.560001,54.52,3581421,4254402.1,14604753100,260664400
2020-06-10T23:00:00Z,52.599998,53.639999,51.84,52.099998,2721178,4156635.95,13956485837,260664400
2020-06-11T23:00:00Z,49,52.650002,47.09,51.860001,4254124,4244119.35,13892195494,260664400
2020-06-14T23:00:00Z,52,54.630001,51.040001,51.16,3108059,4254725.15,13704680119,260664400
2020-06-15T23:00:00Z,53.709999,57.07,53.599998,56.52,3606092,4338895.7,15142772012,260664400
2020-06-16T23:00:00Z,57,58.459999,56.349998,57.73,2756145,4359341.8,15466953543,260664400
2020-06-17T23:00:00Z,58.43,59.639999,57.650002,57.84,2422807,4373452.6,15496424777,260664400
2020-06-18T23:00:00Z,58,58.990002,56.950001,58.689999,4301340,4422687.05,15724155368,260664400
2020-06-21T23:00:00Z,57.709999,58.790001,56.740002,57.939999,1447243,4366937.2,15523216251,260664400
2020-06-22T23:00:00Z,58.18,59.599998,56.849998,59.169998,1906196,4293962.5,15855634606,260664400
2020-06-23T23:00:00Z,60.060001,62.330002,59.330002,59.380001,2644823,4244243.65,15911908552,260664400
2020-06-24T23:00:00Z,57.860001,58.790001,56.009998,56.919998,2859391,4097408.7,15252707803,260664400
2020-06-25T23:00:00Z,58.299999,58.860001,56.290001,57,2299450,4035406.25,15274145691,260664400
2020-06-28T23:00:00Z,55.439999,58,55.299999,56.900002,1564394,2891663.85,15249625839,260664400
2020-06-29T23:00:00Z,58.27,61.299999,57.439999,60.990002,3256850,2917867.5,16348043484,267625000
2020-06-30T23:00:00Z,60.490002,63.900002,59.66,62.240002,2559434,2873388.35,16683099293,267625000
2020-07-01T23:00:00Z,64.199997,68.620003,63.91,68.160004,2818784,2868122.35,18269924136,267625000
2020-07-02T23:00:00Z,68.269997,70,66.580002,67.5,2563465,2823867.15,18093013687,267625000
2020-07-05T23:00:00Z,67.699997,68.800003,67.550003,68,1407381,2751423,18228175293,267625000
2020-07-07T23:00:00Z,66.5,67.5,65.309998,66,8083523,3008105,17692052490,267625000
2020-07-08T23:00:00Z,68,75.260002,66.910004,73.5,5272236,3092645.75,19702513000,267625000
2020-07-09T23:00:00Z,73.510002,76.620003,72.010002,72.309998,3558277,3134500.7,19383519278,267625000
2020-07-12T23:00:00Z,74.209999,75,69.07,71.739998,3328978,3088243.4,19937254312,267625000
2020-07-13T23:00:00Z,68.800003,69.889999,65.550003,66.550003,3460584,3105869.65,18501032860,267625000
2020-07-14T23:00:00Z,69.010002,70.489998,67.660004,68.160004,3361154,3093622.75,18948616223,267625000
2020-07-15T23:00:00Z,69.5,69.589996,67.209999,67.440002,2626181,3087124.55,18748454456,267625000
2020-07-16T23:00:00Z,67.25,69.059998,66.160004,67.370003,2700416,3101005,18728994402,267625000
2020-07-19T23:00:00Z,67.370003,69.769997,67.370003,69.489998,2156609,2993768.45,19318357249,267625000
2020-07-20T23:00:00Z,71.470001,75.650002,71.32,75.050003,2870504,3064931.5,20864049721,267625000
2020-07-21T23:00:00Z,74.339996,75,71.75,72.5,1723097,3055776.55,20155143814,267625000
2020-07-22T23:00:00Z,71.760002,73.269997,71.139999,72,1509783,2999024.55,20016142822,267625000
2020-07-23T23:00:00Z,70.610001,70.940002,69.260002,69.809998,1847158,2948412.9,19407317799,267625000
2020-07-26T23:00:00Z,69.230003,71.839996,68.699997,70.269997,1626068,2914743.8,19536485139,267625000
2020-07-27T23:00:00Z,71.43,71.620003,68.510002,68.57,1510683,2912058.25,19063851488,267625000
2020-07-28T23:00:00Z,68.029999,68.32,66.779999,67.769997,1603335,2829382.5,18841434404,267625000
2020-07-29T23:00:00Z,68.410004,70.279999,68.220001,68.82,1491548,2775988.2,19133356561,267625000
2020-07-30T23:00:00Z,69.449997,70.139999,68.129997,68.540001,1309505,2700524.25,19055511218,267625000
2020-08-02T23:00:00Z,68.5,68.720001,65.529999,66.5,2182769,2681489.45,18488349564.000004,267625000
2020-08-03T23:00:00Z,68.5,71.519997,67.910004,70.800003,2127951,2717517.95,19683837677,267625000
2020-08-04T23:00:00Z,70.129997,71.32,69.660004,71,1086855,2367684.55,19886465576,267625000
2020-08-05T23:00:00Z,71.400002,72.400002,70.720001,71.260002,1089883,2158566.9,19959289851,267625000
2020-08-06T23:00:00Z,71.25,71.419998,70.18,70.699997,2626875,2111996.8,19802437402,267625000
2020-08-09T23:00:00Z,70,73.010002,69.599998,72.540001,1616583,2026377.05,20317806072,267625000
2020-08-10T23:00:00Z,72,72.349998,69.699997,70.18,5252392,2115967.45,19657212908,267625000
2020-08-11T23:00:00Z,69.709999,71.790001,69,71.050003,1729222,2034370.85,19900898134,267625000
2020-08-12T23:00:00Z,71.949997,74.25,71.050003,71.290001,1950561,2000589.85,19968120834,267625000
2020-08-13T23:00:00Z,71.099998,75.800003,71.099998,75.800003,1957534,1963445.75,21231359247,267625000
2020-08-16T23:00:00Z,75.75,75.800003,73.660004,73.779999,1394682,1925349.4,20665561956,267625000
2020-08-17T23:00:00Z,74.639999,76.339996,74.110001,75,1508494,1857248.9,21007280731,267625000
2020-08-18T23:00:00Z,76.349998,77,74.900002,74.900002,2027639,1872476,20979271451,267625000
2020-08-19T23:00:00Z,80.769997,82,79.080002,79.980003,3070706,1950522.15,22402165112.000004,267625000
2020-08-20T23:00:00Z,81.5,82,78.900002,78.949997,2160551,1966191.8,22114451190.000004,267625000
2020-08-23T23:00:00Z,81.389999,83,80.650002,82.730003,1965325,1983154.65,23173257655,267625000
2020-08-24T23:00:00Z,85,93.5,84.919998,92.480003,2799172,2047579.1,25904301448,267625000
2020-08-25T23:00:00Z,91.660004,92.190002,88.970001,90.720001,3370009,2135912.8,25411312432,267625000
2020-08-26T23:00:00Z,93.989998,95.970001,85.019997,91.260002,3546928,2238681.8,25562570497.999996,267625000
2020-08-27T23:00:00Z,90.599998,91.260002,86.610001,88.75,2609948,2303703.95,25155738983,267625000
2020-08-30T23:00:00Z,88,93.260002,87.440002,91.440002,2407904,2314960.7,25920332963,267625000
2020-08-31T23:00:00Z,89.080002,90.510002,82.599998,84.089996,6263238,2521725.05,23894939247,267625000
2020-09-01T23:00:00Z,83.690002,83.919998,73.68,82.5,5412950,2738029.8,23443127288.999996,267625000
2020-09-02T23:00:00Z,84.360001,86.480003,82.169998,83.790001,2525735,2809822.4,23809692812.000004,267625000
2020-09-03T23:00:00Z,77.019997,80.849998,76.129997,78.199997,2979209,2827439.1,22221242211,267625000
2020-09-06T23:00:00Z,76.550003,77.800003,74.559998,76.349998,2457661,2869493,21700664993,267625000
2020-09-07T23:00:00Z,77.150002,77.75,74.760002,75.040001,1770690,2695407.9,21328329450.000004,267625000
2020-09-08T23:00:00Z,70.699997,74.93,70.059998,74.050003,3468179,2782355.75,21046946183,267625000
2020-09-09T23:00:00Z,76.790001,77.599998,75.160004,75.629997,2238387,2796747.05,21496021829,267625000
2020-09-10T23:00:00Z,73.790001,75.040001,72.800003,73.870003,2088194,2803280.05,20995785392,267625000
2020-09-13T23:00:00Z,73.849998,75,70.209999,72.580002,2583561,2862724,20629133417,267625000
2020-09-14T23:00:00Z,73.980003,75.790001,73.5,75.010002,1913901,2882994.35,21319803013,267625000
2020-09-15T23:00:00Z,75.849998,78.379997,75.550003,78.029999,2159905,2889607.65,22178164987,267625000
2020-09-16T23:00:00Z,77.519997,77.745003,73.839996,73.839996,2502545,2861199.6,20990186228.999996,267625000
2020-09-17T23:00:00Z,74.029999,76.660004,74.029999,75.800003,3039259,2905135,21547349122,267625000
2020-09-20T23:00:00Z,76.300003,76.43,74.510002,74.860001,1138413,2863789.4,21280138568,267625000
2020-09-21T23:00:00Z,74.309998,76.769997,74.010002,76.540001,1248040,2786232.8,21757705213,267625000
2020-09-22T23:00:00Z,77.879997,81.080002,77.709999,78.730003,2611296,2748297.15,22380248026,267625000
2020-09-23T23:00:00Z,75.690002,76.300003,73.82,74.139999,1779823,2659941.9,21077073266,267625000
2020-09-24T23:00:00Z,75.25,76,72.769997,75.949997,1542943,2606591.65,21591632903,267625000
2020-09-27T23:00:00Z,76.5,80.300003,75.980003,79.800003,1370956,2554744.25,22686141419,267625000
2020-09-28T23:00:00Z,81.010002,82.699997,81.010002,81.779999,1671180,2325141.35,23249029406,267625000
2020-09-29T23:00:00Z,80.879997,81.610001,79.900002,79.989998,1721906,2140589.15,22740154565,267625000
2020-09-30T23:00:00Z,81.849998,82.889999,80.32,80.449997,1267794,2077692.1,22870926543,267625000
2020-10-01T23:00:00Z,81.620003,83.440002,79.040001,79.650002,1764322,2016947.75,22643497864,267625000
2020-10-04T22:00:00Z,81.010002,82.279999,78.589996,79.519997,1340788,1961104.1,22606539104,267625000
2020-10-05T22:00:00Z,81.239998,84.199997,79.639999,83.480003,1412123,1943175.75,23732319416,267625000
2020-10-06T22:00:00Z,83.449997,85.839996,82.57,84.839996,1071845,1823359.05,24118948388,267625000
2020-10-07T22:00:00Z,85.900002,87.370003,85.309998,87.050003,1485953,1785737.35,24752708747,267625000
2020-10-08T22:00:00Z,87.900002,89.510002,87.199997,89.510002,1384184,1750536.85,25452210628,267625000
2020-10-11T22:00:00Z,89.879997,92.169998,89.029999,92,1824057,1712561.65,26160242675.999996,267625000
2020-10-12T22:00:00Z,93.940002,96.080002,93.400002,94.459999,2813792,1757556.2,26860375866,267625000
2020-10-13T22:00:00Z,96.110001,98.68,94.900002,96.089996,2210539,1760087.9,27323877235,267625000
2020-10-14T22:00:00Z,96.699997,96.699997,94.150002,95,1493382,1709629.75,27014244994.999996,267625000
2020-10-15T22:00:00Z,94.699997,97.160004,94.360001,96.720001,1722064,1643770,27503345357,267625000
2020-10-18T22:00:00Z,97.010002,98.300003,96.849998,97.540001,907994,1632249.05,27736520858.000004,267625000
2020-10-19T22:00:00Z,98.699997,105.8,98.379997,101.94,2632273,1701460.7,28997083816.000004,267625000
2020-10-20T22:00:00Z,103.15,104.42,99.540001,101.32,2399826,1690887.2,28820722513,267625000
2020-10-21T22:00:00Z,99,101.42,97.900002,101.06,1341883,1668990.2,28746764268,267625000
2020-10-22T22:00:00Z,101.89,102.64,100.71,102.13,1172928,1650489.45,29051128306,267625000
2020-10-25T22:00:00Z,102.51,105.4,100.76,100.76,1301330,1647008.15,28662942709.999996,267625000
2020-10-26T22:00:00Z,98.019997,98.5,95.599998,95.980003,1661197,1646509,27303188559,267625000
2020-10-27T22:00:00Z,95.900002,103.8,95.599998,102.97,1969937,1658910.55,29291615553.999996,267625000
2020-10-28T22:00:00Z,100.01,100.34,97.620003,99.550003,1511549,1671098.3,28318737334,267625000
2020-10-29T22:00:00Z,100.67,102,96.370003,96.690002,1572818,1661523.1,27505160201,267625000
2020-11-01T22:00:00Z,96.5,98.769997,95.769997,98.269997,1025633,1645765.35,27954617151.000004,267625000
2020-11-02T22:00:00Z,99.699997,101.9,98.870003,99.129997,1231196,1636719,28199259347,267625000
2020-11-03T22:00:00Z,101,101.89,97.099998,100.75,2466615,1706457.5,28660097427,267625000
2020-11-04T22:00:00Z,103.4,104.37,102.26,103.25,1557017,1710010.7,29371266098,267625000
2020-11-05T22:00:00Z,104.94,105.2,99.279999,100.5,1356126,1708607.8,28588980560,267625000
2020-11-08T22:00:00Z,102,105,101.98,104.53,2469392,1740874.55,29735384110.000004,267625000
2020-11-09T22:00:00Z,101.9,101.9,91.620003,93.18,4229212,1811645.55,26525335822,267625000
2020-11-10T22:00:00Z,93.449997,96.099998,89.269997,96.040001,2776280,1839932.6,27339485601,267625000
2020-11-11T22:00:00Z,98.900002,101.27,98.580002,99.230003,2774728,1903999.9,28247576240,267625000
2020-11-12T22:00:00Z,99.199997,102.8,98.75,101.85,2549986,1945396,28995440090.000004,267625000
2020-11-15T22:00:00Z,102.99,103.5,101.2,101.4,163718,1908182.2,28867331501,267625000
2020-11-16T22:00:00Z,102.5,103.24,95.400002,95.93,2432091,1898173.1,27310089527,267625000
2020-11-17T22:00:00Z,96.099998,96.650002,93.010002,94.690002,1602127,1858288.15,26957077408,267625000
2020-11-18T22:00:00Z,94.449997,97.980003,93.18,97.889999,1681885,1875288.25,27868077125,267625000
2020-11-19T22:00:00Z,98.980003,99.769997,97.150002,97.589996,1389804,1886132.05,27782669951.999996,267625000
2020-11-22T22:00:00Z,97.599998,99.949997,96.889999,98.699997,828221,1862476.6,28098673453.999996,267625000
2020-11-23T22:00:00Z,99,101.47,98.93,101.14,1304932,1844663.35,28804960727,267625000
2020-11-24T22:00:00Z,101.4,101.89,95.220001,95.220001,1917867,1842059.85,27118928338,267625000
2020-11-25T22:00:00Z,96.830002,97.449997,95.449997,95.809998,1247239,1828844.35,27286960981,267625000
2020-11-26T22:00:00Z,95.730003,96.370003,93.370003,94.699997,1048358,1802621.35,26970829635.999996,267625000
2020-11-29T22:00:00Z,97.190002,98.339996,94.779999,95.010002,2306888,1866684.1,27059119999,267625000
2020-11-30T22:00:00Z,95.800003,98.620003,94.809998,98.300003,1378140,1874031.3,27999706512,267625000
2020-12-01T22:00:00Z,99.699997,100.79,97.68,98.559998,1831098,1842255.45,28073763172.000004,267625000
2020-12-02T22:00:00Z,100.49,100.99,96.099998,96.199997,1662426,1847525.9,27401542191,267625000
2020-12-03T22:00:00Z,97.480003,97.480003,94.5,94.5,1084217,1833930.45,26917316208,267625000
2020-12-06T22:00:00Z,96.989998,97.190002,94.629997,96.599998,1177043,1769313,27515478355.999996,267625000
2020-12-07T22:00:00Z,97,97.599998,95.519997,95.68,1085604,1612132.6,27253426698.000004,267625000
2020-12-08T22:00:00Z,96.68,98.650002,96,98.449997,1404428,1543540,28042430672,267625000
2020-12-09T22:00:00Z,97.610001,97.949997,95.610001,96.18,1142144,1461910.8,27408993035.000004,267625000
2020-12-10T22:00:00Z,97.190002,101.8,96.5,101.01,2078843,1438353.65,28785427699.999996,267625000
2020-12-13T22:00:00Z,101.01,111.66,101.01,109.93,2491236,1554729.55,31327413216.000004,267625000
2020-12-14T22:00:00Z,110.02,113.05,107.45,110,1803193,1523284.65,31347361450,267625000
2020-12-15T22:00:00Z,115,116.07,113,114.6,1668292,1526592.9,32658250676,267625000
2020-12-16T22:00:00Z,115.79,120.77,115.77,120.31,1793383,1532167.8,34285463450.000008,267625000
2020-12-17T22:00:00Z,120.35,123.4,111.29,111.29,6195376,1772446.4,31714980768,267625000
2020-12-20T22:00:00Z,112.95,117,111.29,112.15,1158241,1788947.4,31979243686.000004,267625000
2020-12-21T22:00:00Z,112.28,114.45,109.53,113.29,999734,1773687.5,32304311165,267625000
2020-12-22T22:00:00Z,114,117.14,113.96,114.99,1308179,1743203.1,32789751620.000004,267625000
2020-12-23T22:00:00Z,116,117.14,115.6,115.95,633086,1712495.45,33063498312,267625000
2020-12-28T22:00:00Z,116.81,122.09,116.48,122.09,1233955,1721775.3,34814338026,267625000
2020-12-29T22:00:00Z,122,122,117.56,117.63,887795,1650820.65,33542555567.000004,267625000
2020-12-30T22:00:00Z,118.05,120.06,118,118,598402,1611833.75,33648311461.999992,285155200
2021-01-03T22:00:00Z,119.68,122.3,119,119,962538,1568405.75,33933466644,285155200
2021-01-04T22:00:00Z,119,120.58,118.13,118.9,1008122,1535690.55,33904951561,285155200
2021-01-05T22:00:00Z,118.71,118.87,112.01,113.56,1350452,1549002.3,32382221759,285155200
2021-01-06T22:00:00Z,114.88,115.2,105.03,108.85,1494390,1564869.65,31039141113.000004,285155200
2021-01-07T22:00:00Z,111.87,116,111.5,116,1608812,1591030.05,33078001099,285155200
2021-01-10T22:00:00Z,115.77,116.18,112.18,113.99,766558,1559136.55,32504838574,285155200
2021-01-11T22:00:00Z,113.9,114.75,111.8,111.85,845962,1544327.45,31894606659,285155200
2021-01-12T22:00:00Z,111.85,112.05,107.5,110.26,989650,1489867.8,31441210964,285155200
2021-01-13T22:00:00Z,112.59,121,112.5,121,1542253,1442418.65,34503777008,285155200
2021-01-14T22:00:00Z,120.79,135.53999,120.7,133.14999,2360768,1470297.4,37968410728,285155200
2021-01-17T22:00:00Z,131.64999,140.39999,131.5,132.00999,3103244,1542045,37643333994,285155200
2021-01-18T22:00:00Z,132.38,134.28999,131.71001,134,882969,1496524.3,38210794373,285155200
2021-01-19T22:00:00Z,135.25,142.3,135.25,141,1515128,1262511.9,40206880646,285155200
2021-01-20T22:00:00Z,144.41,149.77499,144.28999,149,2545952,1331897.45,42488122101,285155200
2021-01-21T22:00:00Z,150,151.22,140.36,141.33,2132907,1388556.1,40300982377.99999,285155200
2021-01-24T22:00:00Z,144.99001,146.5,142.53,143.46001,2135612,1429927.75,40908364308,285155200
2021-01-26T22:00:00Z,143.38,146.99001,140.67999,146,2610925,1528819.7,41632656555.00001,285155200
2021-01-27T22:00:00Z,141.5,142.94,136.00999,136.97,2072260,1570734.95,39057705611,285155200
2021-01-28T22:00:00Z,140.74001,142.89999,134.53999,135.10001,1412398,1596965.1,38524466813,285155200
2021-01-31T22:00:00Z,132.45,136.37,129.00999,135.87,1236180,1628854,38744033170,285155200
2021-02-01T22:00:00Z,140.10001,147.10001,139.33,146.62,1868420,1674148.1,41809451376,285155200
2021-02-02T22:00:00Z,147.66,149.42999,144.22,144.22,1076635,1677573.75,41125080680,285155200
2021-02-03T22:00:00Z,144.8,147.5,143.7,146.31,1636995,1691900.9,41721053965,285155200
2021-02-04T22:00:00Z,150,151.3,148.17,151.3,1141937,1674278.25,43143979889,285155200
2021-02-07T22:00:00Z,152,156.5,152,153.46001,1493208,1668498.05,43759916127,285155200
2021-02-08T22:00:00Z,157.89,159,151.81,152.10001,3782183,1819279.3,43372104905,285155200
2021-02-09T22:00:00Z,153.45,159.5,152.7,158.47,934012,1823681.8,45188542021,285155200
2021-02-10T22:00:00Z,158.99001,160.05,154.5,154.81,747892,1811593.9,44144873011,285155200
2021-02-11T22:00:00Z,153,157.61,151.53999,151.74001,730433,1771002.9,43269448865.99999,285155200
2021-02-14T22:00:00Z,155.41,156.28999,153,154.14999,661195,1686024.25,43956669546.99999,285155200
2021-02-15T22:00:00Z,155.5,156.3,151.39999,153.46001,638524,1562788.25,43759916127,285155200
2021-02-16T22:00:00Z,151.50999,152,143.78999,147.77,1157977,1576538.65,42137382445,285155200
2021-02-17T22:00:00Z,145.05,152.50999,145,149.99001,1304363,1566000.4,42770427297,285155200
2021-02-18T22:00:00Z,153.06,159.28,151.75999,151.92,1363893,1506897.45,43320774710,285155200
2021-02-21T22:00:00Z,152.35001,155.7,149.19,149.19,925159,1446510.05,42549764513,285155200
2021-02-22T22:00:00Z,146.69,146.69,135.89999,138.46001,2104890,1444973.95,39489513934,285155200
2021-02-23T22:00:00Z,136.86,136.95,132.25999,134.36,1926421,1410748.75,38320170872,285155200
2021-02-25T22:00:00Z,120.48,126.2,116,119.52,6288397,1621555.6,34087724570,285155200
2021-02-28T22:00:00Z,122.2,126.95,119.6,125.66,2641686,1683020,35838886501,285155200
2021-03-01T22:00:00Z,133.67999,134,122.16,123.48,2051434,1723782.7,35217139078,285155200
2021-03-02T22:00:00Z,121.48,121.72,118.3,120.76,1463588,1703541.1,34441380585,285155200
2021-03-03T22:00:00Z,116.85,122.25,115.52,118.32,2796597,1789539.2,33813882950,285155200
2021-03-04T22:00:00Z,115.99,116.3,108.34,115.4,2712399,1843309.4,32979396163.999996,285155200
2021-03-07T22:00:00Z,118.07,121.2,110.86,111.2,1727653,1872595.2,31779104890,285155200
2021-03-08T22:00:00Z,105,107.25,99.379997,107.19,4161032,2005986.4,30633115325,285155200
2021-03-09T22:00:00Z,112.59,118.48,112.56,115.26,3037977,1968776.1,32939386673,285155200
2021-03-10T22:00:00Z,115.87,115.94,105.11,111,5327195,2188435.25,31721949097,285155200
2021-03-11T22:00:00Z,115.98,116.555,112.89,113.42,1545095,2228295.4,32413544220,285155200
2021-03-14T22:00:00Z,112.49,112.49,107.57,108.33,1043054,2243926.45,30958908141.999996,285155200
2021-03-15T22:00:00Z,109.6,112.33,108.52,111.71,1139575,2267845.45,31924854996,285155200
2021-03-16T22:00:00Z,111.78,113.59,108.88,112.99,1387600,2305299.25,32290657303,285155200
2021-03-17T22:00:00Z,111.94,112.7,109.2,111,1279654,2311383.1,31721949097,285155200
2021-03-18T22:00:00Z,107.98,109.61,106.75,108.3,2051266,2348728.25,30950334991,285155200
2021-03-21T22:00:00Z,108,111.6,107.85,109.53,837117,2322389.45,31305657813,285155200
2021-03-22T22:00:00Z,111.46,111.96,106.59,107.14,939857,2323124.35,30622552692.000004,285155200
2021-03-23T22:00:00Z,106.1,108.8,105.5,107.5,784480,2257103.85,30725447388,285155200
2021-03-24T22:00:00Z,105.02,106.5,103.2,105.46,1347929,2228179.25,30142574492,285155200
2021-03-25T22:00:00Z,104.01,107,102.51,105.89,1222098,1974864.3,30265477170.000004,285155200
2021-03-28T22:00:00Z,105.95,106.3,100.73,101.49,2718988,1978729.4,29007868836,285155200
2021-03-29T22:00:00Z,102.08,103.4,99.68,101.03,2250396,1988677.5,28876391908,285155200
2021-03-30T22:00:00Z,100.82,102,99.099998,101.5,2494883,2040242.25,29010727646,285155200
2021-03-31T22:00:00Z,101.76,106,101.4,105.52,2042561,2002540.45,30159722993.000004,285155200
2021-04-05T23:00:00Z,110.35,116.6,110,116.04,2426434,1988242.2,33166550369.999992,285155200
2021-04-06T23:00:00Z,119.4,121.49,117.62,118.48,2108248,2007271.95,33863951812,285155200
2021-04-07T23:00:00Z,120.47,120.48,118.67,120.01,1022691,1850354.9,34720510940,285155200
2021-04-08T23:00:00Z,121,123.99,119.89,121.47,1678238,1782367.95,35142908351,285155200
2021-04-11T23:00:00Z,122.73,123.5,120.8,121.2,957138,1563865.1,35064792476,285155200
2021-04-12T23:00:00Z,121.44,126.32,121.44,124.98,1272632,1550241.95,36158399272,285155200
2021-04-13T23:00:00Z,128.53,129.45,126.27,127.85,2304760,1613327.25,36988727537,285155200
2021-04-14T23:00:00Z,127,128.3,125.57,127.3,780900,1595393.5,36829606449,285155200
2021-04-15T23:00:00Z,126.8,128.60001,126.5,127.39,790804,1565553.7,36857816790,285155200
2021-04-18T23:00:00Z,127.39,128.17999,125.85,126.2,697465,1536444.25,36513512746,285155200
2021-04-19T23:00:00Z,129.09,129.5,124.51,125.23,1350317,1501396.8,36232863981,285155200
2021-04-20T23:00:00Z,121,122.91,120.5,121.82,1186746,1518878.25,35246245794,285155200
2021-04-21T23:00:00Z,123,125.03,121.5,125.03,1304022,1537086.5,36174996549,285155200
2021-04-22T23:00:00Z,122.48,124.83,121.01,123.56,638162,1529770.6,35760645654,285155200
2021-04-25T23:00:00Z,125,125,121.9,122.75,877043,1506226.3,35526216743,285155200
2021-04-26T23:00:00Z,122.94,122.99,115.59,115.96,1287560,1509499.4,33561059560,285155200
2021-04-27T23:00:00Z,116.04,117.99,114.05,116.42,1056582,1426379.1,33694192165.000004,285155200
2021-04-28T23:00:00Z,117.77,120.67,116.69,120.5,1338045,1380761.55,34875023361,285155200
2021-04-29T23:00:00Z,119.88,119.93,117.35,117.65,697832,1290909,34050178851.999996,285155200
2021-05-02T23:00:00Z,117.5,118.19,113.7,114,700817,1223821.8,32993798035.000004,285155200
2021-05-03T23:00:00Z,113.49,113.67,110.01,110.79,1502043,1177602.25,32064762407.999996,285155200
2021-05-04T23:00:00Z,106.58,109.32,106.3,106.96,1606222,1152500.95,30956286031.000004,285155200
2021-05-05T23:00:00Z,105.1,106,96.360001,99.5,3262722,1264502.5,28797218460.000004,285155200
2021-05-06T23:00:00Z,99,100.4,92.18,95.379997,2762980,1318739.6,27604810227,285155200
2021-05-09T23:00:00Z,94.889999,97.720001,94.440002,97.5,1413062,1341535.8,28218379898,285155200
2021-05-10T23:00:00Z,94.870003,95.400002,88.260002,89,2966333,1426220.85,25761208618,285155200
2021-05-11T23:00:00Z,91.800003,94.440002,88.769997,89.309998,3374386,1479702.15,25850937964,285155200
2021-05-12T23:00:00Z,85.349998,86.410004,81.849998,84.5,2496824,1565498.35,24458675598,285155200
2021-05-13T23:00:00Z,84.760002,87.449997,84.309998,86.349998,1801407,1616028.5,24994160954,285155200
2021-05-16T23:00:00Z,90,90.349998,84.120003,86.459999,1337633,1648036.9,25026866271,285155200
2021-05-17T23:00:00Z,86,86.519997,84.199997,86.519997,1051885,1633115.3,25044233271,285155200
2021-05-18T23:00:00Z,84.529999,87.93,83.269997,86.470001,1278678,1637711.9,25029761507,285155200
2021-05-19T23:00:00Z,88,93.489998,87.550003,93.099998,1936164,1669319,26948892393,285155200
2021-05-20T23:00:00Z,97,99.660004,91.809998,93,2728432,1773832.5,26919946655,285155200
2021-05-23T23:00:00Z,93.709999,94.93,90.849998,91.889999,705181,1765239.4,26598643889.000004,285155200
2021-05-24T23:00:00Z,92.989998,96.025002,91.82,92.730003,877304,1744726.6,26841792942.999996,285155200
2021-05-25T23:00:00Z,93.769997,95.790001,93,93.540001,764717,1730133.35,27076256288,285155200
2021-05-26T23:00:00Z,93.800003,95.010002,91.110001,95.010002,2079432,1767202.7,27501765476,285155200
2021-05-27T23:00:00Z,96.279999,96.599998,93.709999,93.93,2077392,1836180.7,27189146210.000004,285155200
2021-05-30T23:00:00Z,94.870003,95.5,92.620003,92.779999,677562,1835017.95,26856264707.999996,285155200
2021-05-31T23:00:00Z,92.779999,93.599998,90.68,93,723480,1796089.8,26919946655,285155200
2021-06-01T23:00:00Z,93.300003,94,91.669998,92.160004,873000,1759428.7,26676799809.999996,285155200
2021-06-02T23:00:00Z,93,95.330002,92.25,95.25,1237360,1658160.6,27571235687,285155200
2021-06-03T23:00:00Z,94,95.519997,92.690002,94.480003,1097339,1574878.55,27356900066,285155200
2021-06-06T23:00:00Z,95.260002,97.959999,95.220001,96.379997,798261,1544138.5,27907047624.999996,285155200
2021-06-07T23:00:00Z,96.400002,98.099998,96.199997,97.199997,1568139,1474228.8,28144480403,285155200
2021-06-08T23:00:00Z,97.419998,100.56,97.309998,98.839996,1209898,1366004.4,28619345960,285155200
2021-06-09T23:00:00Z,99,99.980003,98.209999,99.849998,1184236,1300375,28911794378.000004,285155200
2021-06-10T23:00:00Z,101.85,105.2,101.38,103.52,1430258,1281817.55,29974450703,285155200
2021-06-14T23:00:00Z,104.6,106.5,103.16,105.7,1315745,1280723.15,30605674754,285155200
2021-06-15T23:00:00Z,105.29,105.65,103.03,105.65,963141,1276285.95,30591198466.000004,285155200
2021-06-16T23:00:00Z,103.8,107.62,103.56,107.47,1201963,1272450.2,31118183521,285155200
2021-06-17T23:00:00Z,111.75,115.8,111,114.4,2543886,1302836.3,33124780886,285155200
2021-06-20T23:00:00Z,113.54,117.6,112.85,117.21,1893219,1261075.65,33938422077.000004,285155200
2021-06-21T23:00:00Z,118.01,119.12,115.56,119.12,1184483,1285040.75,34491467985,285155200
2021-06-22T23:00:00Z,119.2,124.5,119.2,122.9,1318527,1307101.9,35585975237,285155200
2021-06-23T23:00:00Z,128,132.39999,127,130.5,2080378,1372884.95,37786572098,285155200
2021-06-24T23:00:00Z,130,132.5,129,129,1233251,1330575.9,37352243683,285155200
2021-06-27T23:00:00Z,129,129,119.05,119.3,1729371,1313174.85,34543587483,285155200
2021-06-28T23:00:00Z,120.48,122.2,119.15,120.47,1451636,1351878.55,34882363117,285155200
2021-06-29T23:00:00Z,121.66,121.85,117.8,118.17,1341086,1382758.85,34216391997.000004,289331000
2021-06-30T23:00:00Z,116.13,120.28,116.12,119.05,876279,1382922.8,34471199414,289331000
2021-07-01T23:00:00Z,117.99,118.7,116.6,118.29,774137,1359761.65,34251139065.000004,289331000
2021-07-04T23:00:00Z,118.28,119.45,115.83,116,620016,1335895.5,33588064087,289331000
2021-07-05T23:00:00Z,116,116.77,114.79,114.79,759856,1333975.25,33237706097.000004,289331000
2021-07-06T23:00:00Z,116,120.48,115.285,120.01,1286332,1319884.9,34749169335,289331000
2021-07-07T23:00:00Z,121,124.18,120.7,123.65,1433863,1331083.15,35803139445,289331000
2021-07-08T23:00:00Z,120.55,121,115.97,117.51,895554,1316649.05,34025288643,289331000
2021-07-11T23:00:00Z,119.25,119.66,117.22,118.64,488345,1269553.4,34352481919.999996,289331000
2021-07-12T23:00:00Z,118.89,120.82,117.97,118.35,609362,1234234.25,34275218524.999996,289331000
2021-07-13T23:00:00Z,108,110.29,106.93,107,2950435,1333598.95,30988157409.999996,289331000
2021-07-14T23:00:00Z,107,107.4,102.9,104.56,1869407,1366971.15,30281510870,289331000
2021-07-15T23:00:00Z,103.66,103.79,101.4,103.21,1472322,1313392.95,29890539232.999996,289331000
2021-07-18T23:00:00Z,101.85,105.45,101,104.9,780393,1257751.65,30379979060.999996,289331000
2021-07-19T23:00:00Z,103.51,109,103.26,106.62,1201996,1258627.3,30878106805,289331000
2021-07-20T23:00:00Z,108.8,109.18,105.85,106.21,865091,1235955.5,30759366076,289331000
2021-07-21T23:00:00Z,107.99,108.23,104.75,105.84,806857,1172279.45,30652209970,289331000
2021-07-22T23:00:00Z,106.05,109.63,106.05,106.7,1029412,1162087.5,30901273842,289331000
2021-07-25T23:00:00Z,107.27,107.8,104.2,104.43,1279539,1139595.9,30243862502,289331000
2021-07-26T23:00:00Z,103.3,103.86,101.5,102.7,971340,1115581.1,29742838051,289331000
2021-07-27T23:00:00Z,100.05,101,98.669998,99,1477268,1122390.2,28671285828,289331000
2021-07-28T23:00:00Z,99.800003,102.85,99.449997,102.05,1043560,1130754.25,29554594002,289331000
2021-07-29T23:00:00Z,101,101.47,96.660004,96.660004,1288058,1156450.3,27993601950,289331000
2021-08-01T23:00:00Z,124,125,114.66,114.8,6392027,1445050.85,33247108086,289331000
2021-08-02T23:00:00Z,128.5,132,127.85,127.85,9531282,1883622.15,37026503528,289331000
2021-08-03T23:00:00Z,128,129,126.5,126.67,3770445,2007827.8,36684764882,289331000
2021-08-04T23:00:00Z,126,126.8,125.24,125.26,5267790,2199524.15,36276417414,289331000
2021-08-05T23:00:00Z,131.82001,132.25,131.11,132.14999,5053506,2407421.75,38271820678,289331000
2021-08-08T23:00:00Z,131.5,131.74001,129.61,130.05,2196336,2492821.3,37663644539,289331000
2021-08-09T23:00:00Z,132.35001,135,132.08,134.27,2109201,2567813.25,38885794652,289331000
2021-08-10T23:00:00Z,132,134,131.06,133.19,1866265,2513604.75,38573016458,289331000
2021-08-11T23:00:00Z,130.28,132.5,129.46001,131.53999,1263306,2483299.7,38095159043,289331000
2021-08-12T23:00:00Z,132.59,133.27,131.7,132.00999,956757,2457521.45,38231275602,289331000
2021-08-15T23:00:00Z,131.3,132.49001,130.34,131.67999,804417,2458722.65,38135704119,289331000
2021-08-16T23:00:00Z,131.41,131.58,130.62,131.42999,884126,2442829.15,38063301882,289331000
2021-08-17T23:00:00Z,130.50999,131.27,130.21001,130.50999,1193583,2459253.75,37796862180,289331000
2021-08-18T23:00:00Z,130,131.28999,130,130.60001,1302507,2484036.25,37822930344,289331000
2021-08-19T23:00:00Z,131.3,131.53,129.35001,129.5,1423936,2503762.45,37504358734,289331000
2021-08-22T23:00:00Z,132,134.2,131.97,133,1204765,2500023.75,38517990051,289331000
2021-08-23T23:00:00Z,135,135.7,134.49001,135.10001,1529253,2527919.4,39126170609,289331000
2021-08-24T23:00:00Z,135,135.25,133.5,133.5,1258842,2516998.1,38662794525,289331000
2021-08-25T23:00:00Z,132.39999,132.39999,131.25999,132.23,1081037,2518871.95,38294989924,289331000
2021-08-26T23:00:00Z,131.00999,131.42999,129.98,130.35001,1027038,2505820.95,37750528107,289331000
2021-08-29T23:00:00Z,132.23,132.5,131.49001,132.32001,842819,2228360.55,38321058088,289331000
2021-08-30T23:00:00Z,133.89999,135.31,133.5,134.59,1216239,1812608.4,39042800809,289331000
2021-08-31T23:00:00Z,133.39999,133.39999,131.82001,133.3,817982,1664985.25,38668590598,289331000
2021-09-01T23:00:00Z,133,134.97,132.39,134.42999,1151978,1459194.65,38996385835,289331000
2021-09-02T23:00:00Z,131.10001,131.89999,130.2,130.71001,849317,1248985.2,37917266474,289331000
2021-09-05T23:00:00Z,131.11,132.88,131.03,132.88,419565,1160146.65,38546754612,289331000
2021-09-06T23:00:00Z,132.14999,133.13,131.75999,132.7,798160,1094594.6,38494536661,289331000
2021-09-07T23:00:00Z,131.5,131.92,129.8,130.60001,872757,1044919.2,37885356733,289331000
2021-09-08T23:00:00Z,128.2,128.24001,126.5,126.5,857161,1024611.95,36695998489,289331000
2021-09-09T23:00:00Z,126.5,127.31,125.5,126.46,676337,1010590.95,36684394746,289331000
2021-09-12T23:00:00Z,124,124.2,122.9,123.89,723771,1006558.65,35938871387,289331000
2021-09-13T23:00:00Z,122.6,122.6,120.755,122.2,857427,1005223.7,35448623742,289331000
2021-09-14T23:00:00Z,122.5,124.1,122.17,123.62,781229,984606,35860548886,289331000
2021-09-15T23:00:00Z,122,123.82,121.8,123.54,834981,961229.7,35837341399,289331000
2021-09-16T23:00:00Z,126.17,128.38,126.17,128.38,2147930,997429.4,37241363362,289331000
2021-09-19T23:00:00Z,126.9,127.63,125.37,125.6,648866,969634.45,36434919797,289331000
2021-09-20T23:00:00Z,124.3,126.78,124.26,126.71,535460,919944.8,36756916482,289331000
2021-09-21T23:00:00Z,125.75,128.2,125.75,126.23,472292,880617.3,36617675988,289331000
2021-09-22T23:00:00Z,130.6,132.35,130.48,131.54,1366226,894876.75,38158037704.67812,289331000